Credit_History_Score,TotalIncome_Log,LoanAmount_Risk,Debt_Burden,Dependents_Num,Gender_Female,Gender_Male,Married_No,Married_Yes,Education_Graduate,Education_Not Graduate,Self_Employed_No,Self_Employed_Yes,Property_Area_Rural,Property_Area_Semiurban,Property_Area_Urban,Loan_Status
0.3975158712863277,-1.0871503416926973,-1.0378026477222717,-0.1260585070871572,-0.7485862381397372,0.0,1.0,1.0,0.0,1.0,0.0,1.0,0.0,0.0,0.0,1.0,1
0.3975158712863277,-1.0529391914624688,-0.6104380125266031,-0.1260585070871572,0.25020681329127087,0.0,1.0,0.0,1.0,1.0,0.0,1.0,0.0,0.0,1.0,0.0,1
-2.5156228272448207,-0.2775760673881579,0.03060894026689968,-0.1260585070871572,1.248999864722279,0.0,1.0,0.0,1.0,1.0,0.0,1.0,0.0,1.0,0.0,0.0,0
-2.5156228272448207,-0.6377967199674657,-0.4086269347953152,0.5176674863475467,0.25020681329127087,0.0,1.0,0.0,1.0,0.0,1.0,1.0,0.0,1.0,0.0,0.0,0
0.3975158712863277,-0.35467180129959347,0.03060894026689968,-0.1260585070871572,-0.7485862381397372,0.0,1.0,0.0,1.0,1.0,0.0,1.0,0.0,0.0,1.0,0.0,1
0.3975158712863277,-0.8258212633410239,-0.5985667726600568,-0.1260585070871572,1.248999864722279,0.0,1.0,0.0,1.0,0.0,1.0,0.0,1.0,0.0,1.0,0.0,1
0.3975158712863277,0.16341601487979301,-1.0378026477222717,-0.1260585070871572,-0.7485862381397372,0.0,1.0,0.0,1.0,1.0,0.0,1.0,0.0,0.0,1.0,0.0,1
0.3975158712863277,-0.4814049874226906,-1.0378026477222717,-0.1260585070871572,-0.7485862381397372,0.0,1.0,0.0,1.0,1.0,0.0,1.0,0.0,1.0,0.0,0.0,1
0.3975158712863277,0.43642267257179035,0.5529434943949391,-0.1260585070871572,-0.7485862381397372,1.0,0.0,1.0,0.0,1.0,0.0,0.0,1.0,1.0,0.0,0.0,0
0.3975158712863277,1.0188080273341589,1.2770891262542663,-0.1260585070871572,-0.7485862381397372,0.0,1.0,0.0,1.0,1.0,0.0,1.0,0.0,0.0,1.0,0.0,1
0.3975158712863277,3.4263154009562737,0.05435141999999238,-0.1260585070871572,0.25020681329127087,0.0,1.0,1.0,0.0,1.0,0.0,1.0,0.0,0.0,1.0,0.0,1
0.3975158712863277,1.5540400650897825,-0.23055833679711998,-0.1260585070871572,-0.7485862381397372,0.0,1.0,0.0,1.0,1.0,0.0,1.0,0.0,0.0,0.0,1.0,1
0.3975158712863277,-0.5163668054687787,-0.6816654517258812,-0.1260585070871572,0.25020681329127087,1.0,0.0,1.0,0.0,1.0,0.0,1.0,0.0,0.0,0.0,1.0,1
0.3975158712863277,0.681523698711031,0.33926117679710477,-0.1260585070871572,-0.7485862381397372,0.0,1.0,1.0,0.0,1.0,0.0,1.0,0.0,0.0,0.0,1.0,0
0.3975158712863277,-0.3282380791591956,-0.26617205639675906,-0.1260585070871572,1.248999864722279,0.0,1.0,0.0,1.0,1.0,0.0,1.0,0.0,1.0,0.0,0.0,1
0.3975158712863277,0.6265339077809003,1.3958015249197298,-0.1260585070871572,-0.7485862381397372,0.0,1.0,0.0,1.0,1.0,0.0,1.0,0.0,0.0,1.0,0.0,0
0.3975158712863277,1.218361821524527,0.43423109572947555,-0.1260585070871572,-0.7485862381397372,0.0,1.0,1.0,0.0,1.0,0.0,1.0,0.0,0.0,0.0,1.0,1
0.3975158712863277,0.4094913292558207,-0.3255282557294908,-0.1260585070871572,-0.7485862381397372,0.0,1.0,1.0,0.0,0.0,1.0,1.0,0.0,1.0,0.0,0.0,0
-2.5156228272448207,0.08362172939550631,0.14932133893236316,-0.1260585070871572,2.247792916153287,0.0,1.0,0.0,1.0,1.0,0.0,1.0,0.0,0.0,0.0,1.0,1
0.3975158712863277,0.46345388494020545,-0.17120213746438825,-0.1260585070871572,1.248999864722279,0.0,1.0,0.0,1.0,0.0,1.0,1.0,0.0,0.0,0.0,1.0,1
0.3975158712863277,1.2779463581970378,1.6925825215833885,-0.1260585070871572,2.247792916153287,0.0,1.0,0.0,1.0,1.0,0.0,1.0,0.0,0.0,1.0,0.0,0
0.3975158712863277,-0.41184123309227316,-0.6104380125266031,-0.1260585070871572,-0.7485862381397372,0.0,1.0,0.0,1.0,0.0,1.0,0.0,1.0,0.0,0.0,1.0,1
0.3975158712863277,-0.8685568793514788,-0.5510818131938714,-0.1260585070871572,1.248999864722279,0.0,1.0,0.0,1.0,1.0,0.0,1.0,0.0,1.0,0.0,0.0,1
0.3975158712863277,0.9808870118421866,0.08996513959963143,-0.1260585070871572,0.25020681329127087,0.0,1.0,0.0,1.0,1.0,0.0,0.0,1.0,1.0,0.0,0.0,0
0.3975158712863277,-0.45631555863083245,-0.14745965773129555,-0.1260585070871572,0.25020681329127087,0.0,1.0,0.0,1.0,0.0,1.0,1.0,0.0,0.0,0.0,1.0,1
0.3975158712863277,0.5018382592905202,0.3273899369305584,-0.1260585070871572,-0.7485862381397372,0.0,1.0,0.0,1.0,1.0,0.0,1.0,0.0,1.0,0.0,0.0,0
0.3975158712863277,1.0412271395476167,2.1674321162452426,-0.1260585070871572,0.25020681329127087,0.0,1.0,0.0,1.0,1.0,0.0,1.0,0.0,0.0,0.0,1.0,1
0.3975158712863277,-0.03974217924572476,-0.040618498932378407,2.3695068287931202,1.248999864722279,0.0,1.0,0.0,1.0,1.0,0.0,0.0,1.0,1.0,0.0,0.0,1
-2.5156228272448207,0.5370967265327319,-0.1830733773309346,-0.1260585070871572,-0.7485862381397372,0.0,1.0,0.0,1.0,1.0,0.0,1.0,0.0,1.0,0.0,0.0,0
-2.5156228272448207,0.36731355291680395,0.38674613626329013,-0.1260585070871572,2.247792916153287,0.0,1.0,0.0,1.0,1.0,0.0,1.0,0.0,0.0,1.0,0.0,0
0.3975158712863277,-1.5726965873260004,-0.9547039686564472,-0.1260585070871572,-0.7485862381397372,1.0,0.0,1.0,0.0,1.0,0.0,1.0,0.0,0.0,0.0,1.0,1
0.3975158712863277,-1.239929011487075,-1.0378026477222717,-0.1260585070871572,-0.7485862381397372,1.0,0.0,1.0,0.0,1.0,0.0,1.0,0.0,0.0,0.0,1.0,1
0.3975158712863277,-0.7792590066810893,-0.43236941452840794,-0.1260585070871572,-0.7485862381397372,1.0,0.0,1.0,0.0,1.0,0.0,1.0,0.0,0.0,1.0,0.0,1
0.3975158712863277,-0.9097352788588031,-0.6104380125266031,-0.1260585070871572,-0.7485862381397372,0.0,1.0,1.0,0.0,1.0,0.0,1.0,0.0,0.0,0.0,1.0,0
0.3975158712863277,0.1771454289801072,0.4579735754625682,-0.1260585070871572,0.25020681329127087,0.0,1.0,0.0,1.0,0.0,1.0,1.0,0.0,0.0,0.0,1.0,1
0.3975158712863277,0.019871277113997745,-0.17120213746438825,-0.1260585070871572,1.248999864722279,0.0,1.0,0.0,1.0,1.0,0.0,1.0,0.0,0.0,1.0,0.0,1
-2.5156228272448207,-0.632039707090958,-0.37301321519567615,-0.1260585070871572,-0.7485862381397372,1.0,0.0,1.0,0.0,1.0,0.0,1.0,0.0,0.0,1.0,0.0,0
-2.5156228272448207,-0.5313765678119866,-0.24242957666366632,-0.1260585070871572,1.248999864722279,0.0,1.0,0.0,1.0,1.0,0.0,1.0,0.0,0.0,1.0,0.0,0
0.3975158712863277,0.039935384635153344,-0.0881034583985638,-0.1260585070871572,-0.7485862381397372,0.0,1.0,1.0,0.0,1.0,0.0,1.0,0.0,1.0,0.0,0.0,1
0.3975158712863277,0.3183498351836886,-0.9547039686564472,-0.1260585070871572,-0.7485862381397372,0.0,1.0,1.0,0.0,1.0,0.0,1.0,0.0,1.0,0.0,0.0,0
0.3975158712863277,-0.6968365815982627,-0.44424065439495425,-0.1260585070871572,0.25020681329127087,0.0,1.0,0.0,1.0,1.0,0.0,0.0,1.0,0.0,0.0,1.0,0
0.3975158712863277,-0.08255164086729662,0.12557885919927048,-0.1260585070871572,1.248999864722279,0.0,1.0,0.0,1.0,1.0,0.0,1.0,0.0,1.0,0.0,0.0,1
0.3975158712863277,-0.6466889467341695,-0.30178577599639805,-0.1260585070871572,-0.7485862381397372,0.0,1.0,1.0,0.0,1.0,0.0,1.0,0.0,0.0,1.0,0.0,1
0.3975158712863277,-0.3185156548148479,-0.4086269347953152,-0.1260585070871572,0.25020681329127087,0.0,1.0,0.0,1.0,1.0,0.0,1.0,0.0,0.0,0.0,1.0,0
0.3975158712863277,-0.026645294262389586,-0.3255282557294908,-0.1260585070871572,-0.7485862381397372,0.0,1.0,1.0,0.0,0.0,1.0,1.0,0.0,1.0,0.0,0.0,1
0.3975158712863277,-1.1794302667266627,-0.4086269347953152,-0.10821651286101834,2.247792916153287,0.0,1.0,0.0,1.0,0.0,1.0,1.0,0.0,1.0,0.0,0.0,1
0.3975158712863277,0.7173630700815629,1.0515355687898857,-0.1260585070871572,1.248999864722279,0.0,1.0,0.0,1.0,1.0,0.0,1.0,0.0,0.0,1.0,0.0,1
0.3975158712863277,0.06766296615468462,-0.23055833679711998,-0.1260585070871572,0.25020681329127087,0.0,1.0,0.0,1.0,1.0,0.0,1.0,0.0,1.0,0.0,0.0,0
0.3975158712863277,-0.9724840494420297,-0.30178577599639805,-0.1260585070871572,-0.7485862381397372,1.0,0.0,1.0,0.0,1.0,0.0,0.0,1.0,0.0,0.0,1.0,1
0.3975158712863277,1.0390867060376652,1.3127028458539054,-0.1260585070871572,-0.7485862381397372,0.0,1.0,0.0,1.0,1.0,0.0,1.0,0.0,0.0,1.0,0.0,0
0.3975158712863277,0.6449731571435668,1.573870122917925,-0.1260585070871572,-0.7485862381397372,1.0,0.0,1.0,0.0,1.0,0.0,1.0,0.0,0.0,1.0,0.0,1
-2.5156228272448207,-0.9283364924995156,-0.8003778503913447,-0.1260585070871572,1.248999864722279,0.0,1.0,1.0,0.0,1.0,0.0,1.0,0.0,1.0,0.0,0.0,0
0.3975158712863277,1.675828879479279,0.44610233559602186,-0.1260585070871572,0.25020681329127087,0.0,1.0,0.0,1.0,1.0,0.0,1.0,0.0,1.0,0.0,0.0,1
0.3975158712863277,0.9081847489202883,1.4195440046528225,-0.1260585070871572,1.248999864722279,0.0,1.0,0.0,1.0,1.0,0.0,0.0,1.0,0.0,0.0,1.0,1
0.3975158712863277,-0.05778240512355581,-0.26617205639675906,-0.1260585070871572,-0.7485862381397372,0.0,1.0,0.0,1.0,1.0,0.0,1.0,0.0,0.0,1.0,0.0,1
-2.5156228272448207,0.24731816363924614,0.16119257879890952,-0.1260585070871572,0.25020681329127087,0.0,1.0,0.0,1.0,0.0,1.0,1.0,0.0,0.0,1.0,0.0,1
-2.5156228272448207,1.7276395303204326,1.1227630079891637,-0.1260585070871572,-0.7485862381397372,0.0,1.0,1.0,0.0,1.0,0.0,1.0,0.0,0.0,1.0,0.0,0
0.3975158712863277,0.5647793240026487,0.43423109572947555,-0.1260585070871572,-0.7485862381397372,0.0,1.0,0.0,1.0,1.0,0.0,0.0,1.0,0.0,1.0,0.0,1
0.3975158712863277,0.670656285493343,0.9803081295906075,-0.1260585070871572,1.248999864722279,0.0,1.0,0.0,1.0,1.0,0.0,1.0,0.0,0.0,1.0,0.0,1
0.3975158712863277,-0.45631555863083245,-0.7528928909251593,-0.1260585070871572,-0.7485862381397372,1.0,0.0,0.0,1.0,1.0,0.0,1.0,0.0,1.0,0.0,0.0,0
0.3975158712863277,-0.8135818748054925,-0.44424065439495425,-0.1260585070871572,-0.7485862381397372,0.0,1.0,0.0,1.0,1.0,0.0,1.0,0.0,0.0,1.0,0.0,1
0.3975158712863277,-0.9778108929388749,-0.9665752085229936,-0.1260585070871572,-0.7485862381397372,0.0,1.0,0.0,1.0,0.0,1.0,1.0,0.0,1.0,0.0,0.0,0
0.3975158712863277,0.10033493333762387,-0.23055833679711998,0.05883817378878054,-0.7485862381397372,0.0,1.0,0.0,1.0,0.0,1.0,1.0,0.0,0.0,0.0,1.0,0
0.3975158712863277,-0.11967171207108208,-0.19494461719748093,-0.1260585070871572,-0.7485862381397372,0.0,1.0,0.0,1.0,1.0,0.0,1.0,0.0,0.0,1.0,0.0,1
0.3975158712863277,-0.015854649910894837,-0.040618498932378407,-0.1260585070871572,-0.7485862381397372,0.0,1.0,0.0,1.0,1.0,0.0,1.0,0.0,0.0,0.0,1.0,1
-2.5156228272448207,-0.632039707090958,-0.5866955327935105,-0.1260585070871572,-0.7485862381397372,0.0,1.0,1.0,0.0,1.0,0.0,1.0,0.0,0.0,1.0,0.0,0
0.3975158712863277,-0.8421027941496962,-0.3255282557294908,-0.1260585070871572,1.248999864722279,0.0,1.0,0.0,1.0,1.0,0.0,1.0,0.0,0.0,1.0,0.0,1
0.3975158712863277,-0.4708419785172882,-0.3848844550622225,-0.1260585070871572,-0.7485862381397372,1.0,0.0,1.0,0.0,1.0,0.0,1.0,0.0,0.0,1.0,0.0,1
-2.5156228272448207,-0.29590478774190604,-0.8953477693237155,-0.1260585070871572,1.248999864722279,0.0,1.0,0.0,1.0,1.0,0.0,1.0,0.0,0.0,1.0,0.0,0
0.3975158712863277,-0.9314550392898361,-0.42049817466186157,-0.1260585070871572,0.25020681329127087,1.0,0.0,1.0,0.0,1.0,0.0,1.0,0.0,0.0,1.0,0.0,1
0.3975158712863277,0.2658777281812203,-0.2068158570640273,-0.1260585070871572,-0.7485862381397372,0.0,1.0,1.0,0.0,0.0,1.0,1.0,0.0,0.0,1.0,0.0,1
-2.5156228272448207,-0.4854838668517868,-0.37301321519567615,-0.1260585070871572,-0.7485862381397372,0.0,1.0,0.0,1.0,0.0,1.0,1.0,0.0,0.0,1.0,0.0,0
0.3975158712863277,-0.8391317915741541,-0.6104380125266031,-0.1260585070871572,-0.7485862381397372,0.0,1.0,0.0,1.0,1.0,0.0,1.0,0.0,0.0,1.0,0.0,1
0.3975158712863277,-0.8620328906307317,-0.6816654517258812,-0.1260585070871572,-0.7485862381397372,0.0,1.0,0.0,1.0,1.0,0.0,1.0,0.0,0.0,0.0,1.0,1
0.3975158712863277,-0.4527017829153374,-0.3848844550622225,-0.1260585070871572,0.25020681329127087,0.0,1.0,0.0,1.0,1.0,0.0,1.0,0.0,0.0,1.0,0.0,1
0.3975158712863277,-0.8425984274629257,-1.0378026477222717,-0.1260585070871572,-0.7485862381397372,0.0,1.0,0.0,1.0,1.0,0.0,1.0,0.0,1.0,0.0,0.0,1
0.3975158712863277,-0.07110336786038003,-1.0378026477222717,-0.1260585070871572,0.25020681329127087,0.0,1.0,0.0,1.0,1.0,0.0,1.0,0.0,0.0,0.0,1.0,1
0.3975158712863277,-1.0843221188163328,0.23242001799818762,0.40667402551484133,1.248999864722279,1.0,0.0,0.0,1.0,1.0,0.0,1.0,0.0,0.0,0.0,1.0,0
0.3975158712863277,0.5089917486596656,-0.23055833679711998,-0.1260585070871572,2.247792916153287,0.0,1.0,0.0,1.0,1.0,0.0,1.0,0.0,0.0,0.0,1.0,1
0.3975158712863277,-1.7973157298087579,-0.9665752085229936,-0.1260585070871572,-0.7485862381397372,1.0,0.0,1.0,0.0,0.0,1.0,1.0,0.0,1.0,0.0,0.0,1
0.3975158712863277,-0.022511992179853158,-0.1830733773309346,-0.1260585070871572,-0.7485862381397372,0.0,1.0,1.0,0.0,0.0,1.0,0.0,1.0,0.0,1.0,0.0,1
0.3975158712863277,2.0117111556791896,2.998418906903487,-0.1260585070871572,1.248999864722279,0.0,1.0,0.0,1.0,1.0,0.0,0.0,1.0,1.0,0.0,0.0,1
0.3975158712863277,-1.6648546275585494,-1.0378026477222717,-0.1260585070871572,-0.7485862381397372,1.0,0.0,1.0,0.0,1.0,0.0,1.0,0.0,1.0,0.0,0.0,0
0.3975158712863277,-0.15721351512503742,-0.2068158570640273,-0.1260585070871572,1.248999864722279,0.0,1.0,0.0,1.0,1.0,0.0,1.0,0.0,0.0,0.0,1.0,1
0.3975158712863277,-0.13344955047313212,-0.37301321519567615,-0.1260585070871572,-0.7485862381397372,0.0,1.0,0.0,1.0,1.0,0.0,1.0,0.0,1.0,0.0,0.0,1
0.3975158712863277,-0.5558192118519356,-0.23055833679711998,-0.1260585070871572,-0.7485862381397372,0.0,1.0,0.0,1.0,1.0,0.0,1.0,0.0,0.0,0.0,1.0,1
-2.5156228272448207,0.05765607686075425,0.20867753826509491,0.519587320900654,-0.7485862381397372,0.0,1.0,0.0,1.0,0.0,1.0,0.0,1.0,1.0,0.0,0.0,0
0.3975158712863277,-0.25006108821903705,-0.040618498932378407,-0.1260585070871572,-0.7485862381397372,1.0,0.0,0.0,1.0,1.0,0.0,1.0,0.0,0.0,1.0,0.0,1
-2.5156228272448207,-0.38845017340696525,-0.6223092523931495,-0.1260585070871572,2.247792916153287,0.0,1.0,0.0,1.0,0.0,1.0,1.0,0.0,0.0,1.0,0.0,0
0.3975158712863277,-0.9066532571735217,-0.6223092523931495,-0.1260585070871572,-0.7485862381397372,0.0,1.0,0.0,1.0,0.0,1.0,1.0,0.0,1.0,0.0,0.0,1
0.3975158712863277,0.36087696380578277,-0.1118459381316565,-0.1260585070871572,-0.7485862381397372,1.0,0.0,0.0,1.0,0.0,1.0,0.0,1.0,1.0,0.0,0.0,1
0.3975158712863277,0.039935384635153344,0.6835271329269489,0.40692872391345,1.248999864722279,0.0,1.0,0.0,1.0,1.0,0.0,0.0,1.0,0.0,1.0,0.0,0
0.3975158712863277,0.7135335028030172,0.41048861599638287,-0.1260585070871572,-0.7485862381397372,0.0,1.0,0.0,1.0,1.0,0.0,1.0,0.0,1.0,0.0,0.0,0
0.3975158712863277,-1.1417284847754203,-0.5629530530604178,-0.1260585070871572,-0.7485862381397372,1.0,0.0,1.0,0.0,1.0,0.0,1.0,0.0,0.0,1.0,0.0,1
0.3975158712863277,-1.2885372627942955,-0.7528928909251593,-0.1260585070871572,-0.7485862381397372,1.0,0.0,1.0,0.0,1.0,0.0,1.0,0.0,0.0,1.0,0.0,1
0.3975158712863277,-0.3962142363136634,-0.1118459381316565,-0.1260585070871572,-0.7485862381397372,0.0,1.0,0.0,1.0,0.0,1.0,0.0,1.0,0.0,0.0,1.0,0
0.3975158712863277,0.92535011519429,-0.42049817466186157,-0.1260585070871572,1.248999864722279,0.0,1.0,0.0,1.0,1.0,0.0,1.0,0.0,0.0,0.0,1.0,1
0.3975158712863277,-0.013324834993067504,-0.1118459381316565,-0.1260585070871572,-0.7485862381397372,0.0,1.0,0.0,1.0,1.0,0.0,1.0,0.0,1.0,0.0,0.0,1
0.3975158712863277,0.29069373540384097,0.6241709335942172,-0.1260585070871572,0.25020681329127087,0.0,1.0,0.0,1.0,1.0,0.0,1.0,0.0,0.0,1.0,0.0,1
0.3975158712863277,0.18737574887571684,-0.0881034583985638,-0.1260585070871572,-0.7485862381397372,0.0,1.0,1.0,0.0,1.0,0.0,1.0,0.0,1.0,0.0,0.0,1
0.3975158712863277,2.279014318959558,3.948118096227195,-0.1260585070871572,-0.7485862381397372,0.0,1.0,1.0,0.0,1.0,0.0,1.0,0.0,1.0,0.0,0.0,0
0.3975158712863277,-0.7854958339878669,-0.44424065439495425,-0.1260585070871572,-0.7485862381397372,0.0,1.0,1.0,0.0,0.0,1.0,1.0,0.0,1.0,0.0,0.0,1
0.3975158712863277,-0.8209157446028825,-0.14745965773129555,-0.1260585070871572,1.248999864722279,0.0,1.0,0.0,1.0,1.0,0.0,1.0,0.0,0.0,1.0,0.0,1
0.3975158712863277,-0.9010162425718766,-0.8003778503913447,-0.1260585070871572,-0.7485862381397372,0.0,1.0,1.0,0.0,1.0,0.0,1.0,0.0,0.0,0.0,1.0,0
0.3975158712863277,1.9246363855203588,-0.44424065439495425,-0.1260585070871572,-0.7485862381397372,0.0,1.0,0.0,1.0,1.0,0.0,1.0,0.0,0.0,1.0,0.0,1
0.3975158712863277,-1.186586071896184,1.2770891262542663,1.506512644300611,2.247792916153287,1.0,0.0,1.0,0.0,1.0,0.0,1.0,0.0,1.0,0.0,0.0,1
0.3975158712863277,0.19867652786355042,0.6835271329269489,-0.1260585070871572,1.248999864722279,0.0,1.0,0.0,1.0,1.0,0.0,1.0,0.0,0.0,1.0,0.0,1
0.3975158712863277,-1.2528901791021143,-1.0378026477222717,-0.1260585070871572,-0.7485862381397372,0.0,1.0,0.0,1.0,1.0,0.0,1.0,0.0,0.0,1.0,0.0,1
0.3975158712863277,0.6403252189432938,1.2533466465211736,-0.1260585070871572,0.25020681329127087,0.0,1.0,0.0,1.0,1.0,0.0,1.0,0.0,0.0,0.0,1.0,1
-2.5156228272448207,-0.5737237477023719,-0.1355884178647492,-0.1260585070871572,-0.7485862381397372,1.0,0.0,1.0,0.0,1.0,0.0,1.0,0.0,0.0,1.0,0.0,0
-2.5156228272448207,-0.10101817344831429,0.6360421734607634,-0.1203236413237613,-0.7485862381397372,0.0,1.0,0.0,1.0,0.0,1.0,1.0,0.0,0.0,1.0,0.0,0
0.3975158712863277,0.5856711699364245,1.2177329269215345,-0.1260585070871572,0.25020681329127087,0.0,1.0,0.0,1.0,1.0,0.0,1.0,0.0,0.0,1.0,0.0,1
0.3975158712863277,-1.2288915678252597,-1.0378026477222717,-0.1260585070871572,-0.7485862381397372,0.0,1.0,1.0,0.0,1.0,0.0,1.0,0.0,0.0,0.0,1.0,1
-2.5156228272448207,1.0559640979437774,0.4698448153291146,-0.1260585070871572,-0.7485862381397372,0.0,1.0,1.0,0.0,1.0,0.0,0.0,1.0,0.0,0.0,1.0,0
0.3975158712863277,1.675828879479279,3.425783542099156,-0.1260585070871572,-0.7485862381397372,0.0,1.0,0.0,1.0,1.0,0.0,1.0,0.0,0.0,1.0,0.0,1
0.3975158712863277,0.02080213935776549,0.14932133893236316,-0.1260585070871572,0.25020681329127087,0.0,1.0,0.0,1.0,1.0,0.0,1.0,0.0,1.0,0.0,0.0,1
0.3975158712863277,0.5645484219406085,0.754754572126227,-0.1260585070871572,-0.7485862381397372,0.0,1.0,0.0,1.0,1.0,0.0,1.0,0.0,1.0,0.0,0.0,1
0.3975158712863277,0.375775557012216,-0.3255282557294908,-0.1260585070871572,-0.7485862381397372,1.0,0.0,1.0,0.0,1.0,0.0,1.0,0.0,1.0,0.0,0.0,1
0.3975158712863277,-0.02791894769083954,0.12557885919927048,-0.1260585070871572,0.25020681329127087,0.0,1.0,0.0,1.0,0.0,1.0,1.0,0.0,0.0,0.0,1.0,1
-2.5156228272448207,4.8341449557582665,2.5235693122416327,-0.1260585070871572,2.247792916153287,0.0,1.0,0.0,1.0,1.0,0.0,1.0,0.0,1.0,0.0,0.0,0
0.3975158712863277,-0.5524284677789678,0.07809389973308507,-0.1260585070871572,-0.7485862381397372,1.0,0.0,1.0,0.0,0.0,1.0,1.0,0.0,1.0,0.0,0.0,1
0.3975158712863277,-1.0967989110827063,-1.0378026477222717,-0.1260585070871572,-0.7485862381397372,1.0,0.0,1.0,0.0,1.0,0.0,1.0,0.0,0.0,0.0,1.0,1
0.3975158712863277,-0.41931075624047415,-0.2068158570640273,-0.1260585070871572,0.25020681329127087,0.0,1.0,0.0,1.0,1.0,0.0,0.0,1.0,1.0,0.0,0.0,1
0.3975158712863277,-0.09770697141070266,-0.4561118942615006,-0.1260585070871572,-0.7485862381397372,0.0,1.0,1.0,0.0,0.0,1.0,1.0,0.0,1.0,0.0,0.0,1
-2.5156228272448207,-0.4083135820986729,-0.016876019199285712,-0.1260585070871572,0.25020681329127087,0.0,1.0,0.0,1.0,1.0,0.0,1.0,0.0,1.0,0.0,0.0,0
0.3975158712863277,0.4220085097785282,0.4698448153291146,-0.1260585070871572,1.248999864722279,0.0,1.0,0.0,1.0,0.0,1.0,0.0,1.0,1.0,0.0,0.0,0
0.3975158712863277,-1.1376512820412141,-1.0378026477222717,-0.1260585070871572,-0.7485862381397372,1.0,0.0,0.0,1.0,1.0,0.0,1.0,0.0,0.0,1.0,0.0,1
0.3975158712863277,1.0501189370682638,-0.3255282557294908,-0.1260585070871572,-0.7485862381397372,0.0,1.0,1.0,0.0,1.0,0.0,0.0,1.0,0.0,0.0,1.0,0
0.3975158712863277,-0.259427928495999,-0.6816654517258812,-0.1260585070871572,0.25020681329127087,0.0,1.0,0.0,1.0,0.0,1.0,1.0,0.0,0.0,1.0,0.0,1
-2.5156228272448207,0.7697443634670403,-0.44424065439495425,-0.1260585070871572,0.25020681329127087,0.0,1.0,0.0,1.0,1.0,0.0,1.0,0.0,0.0,0.0,1.0,0
0.3975158712863277,0.4612570794353343,0.04248018013344603,-0.1260585070871572,-0.7485862381397372,0.0,1.0,1.0,0.0,1.0,0.0,1.0,0.0,1.0,0.0,0.0,1
0.3975158712863277,4.381045542911093,4.066830494892659,-0.1260585070871572,-0.7485862381397372,0.0,1.0,0.0,1.0,1.0,0.0,1.0,0.0,0.0,0.0,1.0,1
0.3975158712863277,-1.6478915665568514,-0.8597340497240765,-0.1260585070871572,-0.7485862381397372,0.0,1.0,0.0,1.0,1.0,0.0,1.0,0.0,0.0,0.0,1.0,1
0.3975158712863277,-0.2120065891140515,-0.23055833679711998,-0.1260585070871572,-0.7485862381397372,0.0,1.0,0.0,1.0,1.0,0.0,1.0,0.0,0.0,1.0,0.0,1
0.3975158712863277,-0.18301978194627694,-0.1355884178647492,-0.1260585070871572,-0.7485862381397372,0.0,1.0,1.0,0.0,1.0,0.0,1.0,0.0,0.0,0.0,1.0,1
0.3975158712863277,-1.6517331137208533,-0.23055833679711998,0.48363262570192855,0.25020681329127087,0.0,1.0,0.0,1.0,1.0,0.0,0.0,1.0,0.0,1.0,0.0,1
0.3975158712863277,-0.7455640042811331,-0.467983134128047,-0.1260585070871572,1.248999864722279,0.0,1.0,0.0,1.0,0.0,1.0,1.0,0.0,0.0,1.0,0.0,1
0.3975158712863277,1.5009222180067503,-1.0378026477222717,-0.1260585070871572,0.25020681329127087,1.0,0.0,1.0,0.0,1.0,0.0,1.0,0.0,0.0,0.0,1.0,1
0.3975158712863277,-0.632039707090958,-1.0378026477222717,-0.1260585070871572,-0.7485862381397372,1.0,0.0,1.0,0.0,1.0,0.0,1.0,0.0,0.0,1.0,0.0,1
0.3975158712863277,-0.5771539557653476,-0.7528928909251593,-0.1260585070871572,-0.7485862381397372,1.0,0.0,1.0,0.0,1.0,0.0,1.0,0.0,0.0,0.0,1.0,1
0.3975158712863277,0.039935384635153344,0.10183637946617777,-0.1260585070871572,-0.7485862381397372,1.0,0.0,1.0,0.0,1.0,0.0,1.0,0.0,0.0,0.0,1.0,1
0.3975158712863277,-0.20182674143694143,-0.09997469826511016,-0.1260585070871572,-0.7485862381397372,1.0,0.0,0.0,1.0,1.0,0.0,1.0,0.0,0.0,1.0,0.0,1
0.3975158712863277,0.19444685620600702,0.8141107714589587,-0.1260585070871572,-0.7485862381397372,0.0,1.0,0.0,1.0,1.0,0.0,1.0,0.0,1.0,0.0,0.0,1
0.3975158712863277,-1.5726965873260004,-1.0378026477222717,-0.1260585070871572,-0.7485862381397372,0.0,1.0,1.0,0.0,1.0,0.0,1.0,0.0,0.0,1.0,0.0,1
0.3975158712863277,-0.3342467163240324,-0.1355884178647492,-0.1260585070871572,-0.7485862381397372,0.0,1.0,1.0,0.0,1.0,0.0,1.0,0.0,0.0,1.0,0.0,1
-2.5156228272448207,3.534424559904791,5.372666880212757,-0.1260585070871572,2.247792916153287,0.0,1.0,0.0,1.0,1.0,0.0,1.0,0.0,0.0,1.0,0.0,1
0.3975158712863277,-0.05907777873355698,0.08996513959963143,-0.1260585070871572,-0.7485862381397372,0.0,1.0,0.0,1.0,0.0,1.0,1.0,0.0,1.0,0.0,0.0,1
0.3975158712863277,-0.230046691265702,-0.467983134128047,-0.1260585070871572,-0.7485862381397372,0.0,1.0,0.0,1.0,1.0,0.0,1.0,0.0,1.0,0.0,0.0,1
0.3975158712863277,0.2764384078546995,-0.07623221853201746,-0.1260585070871572,-0.7485862381397372,0.0,1.0,1.0,0.0,1.0,0.0,0.0,1.0,1.0,0.0,0.0,1
0.3975158712863277,-0.5507354334708978,-0.1355884178647492,-0.1260585070871572,1.248999864722279,0.0,1.0,1.0,0.0,1.0,0.0,1.0,0.0,1.0,0.0,0.0,1
0.3975158712863277,0.09020572768790856,0.14932133893236316,-0.1260585070871572,-0.7485862381397372,0.0,1.0,0.0,1.0,1.0,0.0,0.0,1.0,0.0,1.0,0.0,1
0.3975158712863277,-0.7692285280782241,-1.014060167989179,-0.1260585070871572,0.25020681329127087,1.0,0.0,1.0,0.0,0.0,1.0,0.0,1.0,0.0,1.0,0.0,0
0.3975158712863277,0.803720384345009,0.9565656498575149,-0.1260585070871572,-0.7485862381397372,0.0,1.0,0.0,1.0,1.0,0.0,1.0,0.0,0.0,1.0,0.0,1
0.3975158712863277,0.7171505250865176,0.08996513959963143,2.366432595899978,-0.7485862381397372,0.0,1.0,1.0,0.0,1.0,0.0,1.0,0.0,0.0,0.0,1.0,1
0.3975158712863277,-0.7654217146385534,-0.5985667726600568,-0.1260585070871572,1.248999864722279,0.0,1.0,0.0,1.0,1.0,0.0,1.0,0.0,0.0,1.0,0.0,1
0.3975158712863277,0.43889651285431974,-0.23055833679711998,-0.1260585070871572,0.25020681329127087,1.0,0.0,1.0,0.0,1.0,0.0,0.0,1.0,0.0,1.0,0.0,1
0.3975158712863277,1.9217649567276596,1.5145139235851932,-0.1260585070871572,1.248999864722279,0.0,1.0,0.0,1.0,1.0,0.0,1.0,0.0,0.0,0.0,1.0,1
0.3975158712863277,-0.5694449508945462,-0.2068158570640273,-0.1260585070871572,-0.7485862381397372,0.0,1.0,0.0,1.0,1.0,0.0,1.0,0.0,0.0,1.0,0.0,1
-2.5156228272448207,0.053698994356132145,-0.3848844550622225,-0.1260585070871572,-0.7485862381397372,0.0,1.0,1.0,0.0,0.0,1.0,1.0,0.0,1.0,0.0,0.0,0
-2.5156228272448207,-0.2507799257686504,-0.2780432962633054,-0.1260585070871572,-0.7485862381397372,0.0,1.0,1.0,0.0,1.0,0.0,1.0,0.0,1.0,0.0,0.0,0
0.3975158712863277,-0.41262607383593525,-0.3967556949287689,-0.1260585070871572,-0.7485862381397372,0.0,1.0,1.0,0.0,1.0,0.0,1.0,0.0,1.0,0.0,0.0,0
0.3975158712863277,0.8204762409532569,1.1465054877222565,-0.1260585070871572,-0.7485862381397372,0.0,1.0,1.0,0.0,1.0,0.0,1.0,0.0,0.0,0.0,1.0,0
0.3975158712863277,0.26152756539774236,-0.23055833679711998,-0.1260585070871572,-0.7485862381397372,0.0,1.0,1.0,0.0,1.0,0.0,1.0,0.0,0.0,1.0,0.0,0
-2.5156228272448207,0.06584757060941263,-0.3255282557294908,-0.1260585070871572,-0.7485862381397372,1.0,0.0,0.0,1.0,1.0,0.0,1.0,0.0,0.0,0.0,1.0,0
0.3975158712863277,1.251101167793193,1.9893635182470473,-0.1260585070871572,0.25020681329127087,0.0,1.0,0.0,1.0,1.0,0.0,1.0,0.0,0.0,0.0,1.0,1
0.3975158712863277,2.1551311246023945,-0.7291504111920666,-0.1260585070871572,0.25020681329127087,0.0,1.0,0.0,1.0,1.0,0.0,0.0,1.0,0.0,1.0,0.0,1
0.3975158712863277,3.627979720270277,2.4048569135761695,-0.1260585070871572,2.247792916153287,1.0,0.0,1.0,0.0,1.0,0.0,1.0,0.0,0.0,0.0,1.0,0
0.3975158712863277,-0.8605306304978486,-0.539210573327325,-0.1260585070871572,-0.7485862381397372,1.0,0.0,0.0,1.0,0.0,1.0,1.0,0.0,0.0,1.0,0.0,1
0.3975158712863277,0.3106796949134669,0.3273899369305584,0.3758131820635499,-0.7485862381397372,0.0,1.0,1.0,0.0,1.0,0.0,0.0,1.0,0.0,1.0,0.0,1
0.3975158712863277,0.6451941952667714,0.14932133893236316,-0.1260585070871572,-0.7485862381397372,0.0,1.0,0.0,1.0,1.0,0.0,1.0,0.0,0.0,1.0,0.0,0
0.3975158712863277,-0.7922361177149074,-0.5154680935942324,-0.1260585070871572,-0.7485862381397372,0.0,1.0,0.0,1.0,1.0,0.0,1.0,0.0,0.0,0.0,1.0,1
0.3975158712863277,0.35648720069120043,0.44610233559602186,-0.1260585070871572,1.248999864722279,0.0,1.0,0.0,1.0,1.0,0.0,1.0,0.0,1.0,0.0,0.0,0
-2.5156228272448207,-0.37609534228195796,0.3986173761298365,-0.06277326641397807,-0.7485862381397372,0.0,1.0,0.0,1.0,0.0,1.0,1.0,0.0,0.0,0.0,1.0,0
-2.5156228272448207,-0.9071665694793404,-0.44424065439495425,-0.1260585070871572,1.248999864722279,0.0,1.0,1.0,0.0,1.0,0.0,1.0,0.0,1.0,0.0,0.0,0
0.3975158712863277,-0.44309956552820384,-0.1593308975978419,-0.1260585070871572,1.248999864722279,0.0,1.0,0.0,1.0,1.0,0.0,1.0,0.0,0.0,0.0,1.0,0
0.3975158712863277,-0.39038812329377764,-0.6341804922596959,-0.1260585070871572,-0.7485862381397372,0.0,1.0,1.0,0.0,1.0,0.0,1.0,0.0,0.0,1.0,0.0,1
0.3975158712863277,0.24319884504399095,0.006866460533806984,-0.1260585070871572,2.247792916153287,0.0,1.0,1.0,0.0,0.0,1.0,1.0,0.0,0.0,1.0,0.0,1
0.3975158712863277,-1.1370695605149823,-0.8716052895906228,-0.1260585070871572,-0.7485862381397372,0.0,1.0,1.0,0.0,1.0,0.0,1.0,0.0,0.0,0.0,1.0,0
-2.5156228272448207,-0.5896422829048819,-0.5154680935942324,-0.1260585070871572,-0.7485862381397372,1.0,0.0,1.0,0.0,1.0,0.0,1.0,0.0,0.0,0.0,1.0,0
0.3975158712863277,-0.22259700462670545,0.06622265986653873,-0.1260585070871572,-0.7485862381397372,0.0,1.0,0.0,1.0,1.0,0.0,1.0,0.0,1.0,0.0,0.0,1
0.3975158712863277,-0.14869114775512474,-0.44424065439495425,-0.1260585070871572,-0.7485862381397372,0.0,1.0,1.0,0.0,0.0,1.0,1.0,0.0,0.0,1.0,0.0,1
0.3975158712863277,-0.5732954204832572,-0.34927073546258347,-0.1260585070871572,-0.7485862381397372,0.0,1.0,0.0,1.0,1.0,0.0,1.0,0.0,0.0,0.0,1.0,1
0.3975158712863277,0.05003874238671544,0.14932133893236316,-0.1260585070871572,-0.7485862381397372,0.0,1.0,0.0,1.0,0.0,1.0,1.0,0.0,0.0,0.0,1.0,0
0.3975158712863277,-0.952907595096911,-0.7885066105247984,-0.1260585070871572,-0.7485862381397372,0.0,1.0,1.0,0.0,1.0,0.0,1.0,0.0,0.0,1.0,0.0,1
0.3975158712863277,-1.006303252480977,-0.6223092523931495,-0.1260585070871572,-0.7485862381397372,1.0,0.0,1.0,0.0,0.0,1.0,1.0,0.0,1.0,0.0,0.0,0
0.3975158712863277,-0.4001085743339882,-0.28991453612985174,-0.1260585070871572,0.25020681329127087,0.0,1.0,0.0,1.0,1.0,0.0,1.0,0.0,0.0,1.0,0.0,1
0.3975158712863277,0.9312257858780439,0.38674613626329013,-0.1260585070871572,-0.7485862381397372,0.0,1.0,0.0,1.0,1.0,0.0,1.0,0.0,1.0,0.0,0.0,1
0.3975158712863277,0.3500126028212737,-0.26617205639675906,2.3076416730716995,2.247792916153287,0.0,1.0,0.0,1.0,0.0,1.0,0.0,1.0,0.0,0.0,1.0,1
0.3975158712863277,-0.04906237966323621,0.29177621733091935,-0.1260585070871572,-0.7485862381397372,0.0,1.0,0.0,1.0,1.0,0.0,1.0,0.0,0.0,1.0,0.0,1
0.3975158712863277,-0.7535758783313131,-0.9190902490568083,-0.1260585070871572,1.248999864722279,0.0,1.0,0.0,1.0,1.0,0.0,1.0,0.0,0.0,0.0,1.0,1
0.3975158712863277,-0.5280304793396337,-0.3255282557294908,-0.1260585070871572,-0.7485862381397372,1.0,0.0,1.0,0.0,0.0,1.0,1.0,0.0,0.0,1.0,0.0,1
0.3975158712863277,-1.0928198481613813,-0.8003778503913447,-0.1260585070871572,-0.7485862381397372,1.0,0.0,1.0,0.0,1.0,0.0,1.0,0.0,0.0,0.0,1.0,1
0.3975158712863277,0.5286395297979019,-0.28991453612985174,-0.1260585070871572,-0.7485862381397372,0.0,1.0,0.0,1.0,0.0,1.0,1.0,0.0,0.0,1.0,0.0,1
0.3975158712863277,0.7004959948696761,0.3273899369305584,-0.1260585070871572,-0.7485862381397372,0.0,1.0,0.0,1.0,1.0,0.0,1.0,0.0,0.0,1.0,0.0,1
0.3975158712863277,0.44654437184465906,-0.43236941452840794,14.170866594797117,-0.7485862381397372,0.0,1.0,0.0,1.0,1.0,0.0,1.0,0.0,0.0,0.0,1.0,1
0.3975158712863277,-0.3215017080685723,-0.23055833679711998,-0.1260585070871572,2.247792916153287,0.0,1.0,0.0,1.0,0.0,1.0,1.0,0.0,0.0,1.0,0.0,0
0.3975158712863277,-0.23574293452947725,-0.23055833679711998,-0.1260585070871572,-0.7485862381397372,0.0,1.0,1.0,0.0,1.0,0.0,0.0,1.0,0.0,1.0,0.0,1
-2.5156228272448207,-0.39660329982709813,-0.6460517321262422,-0.1260585070871572,-0.7485862381397372,0.0,1.0,0.0,1.0,0.0,1.0,1.0,0.0,0.0,0.0,1.0,0
0.3975158712863277,0.07038270920928871,-0.3848844550622225,-0.1260585070871572,-0.7485862381397372,0.0,1.0,0.0,1.0,1.0,0.0,1.0,0.0,0.0,0.0,1.0,1
0.3975158712863277,1.1564503833800182,-0.7647641307917057,-0.1260585070871572,-0.7485862381397372,0.0,1.0,1.0,0.0,1.0,0.0,0.0,1.0,0.0,0.0,1.0,0
0.3975158712863277,0.3455968409438255,-0.2068158570640273,-0.1260585070871572,-0.7485862381397372,0.0,1.0,0.0,1.0,1.0,0.0,1.0,0.0,0.0,0.0,1.0,1
0.3975158712863277,-0.710627670706669,-0.23055833679711998,0.8570235618802231,2.247792916153287,0.0,1.0,0.0,1.0,0.0,1.0,1.0,0.0,0.0,0.0,1.0,0
0.3975158712863277,-0.3455660137060487,-0.23055833679711998,-0.1260585070871572,0.25020681329127087,0.0,1.0,0.0,1.0,0.0,1.0,1.0,0.0,1.0,0.0,0.0,1
0.3975158712863277,0.18737574887571684,-1.0378026477222717,-0.1260585070871572,0.25020681329127087,0.0,1.0,0.0,1.0,1.0,0.0,1.0,0.0,0.0,1.0,0.0,1
-2.5156228272448207,-0.9476521815533652,-0.8478628098575302,-0.1260585070871572,-0.7485862381397372,1.0,0.0,1.0,0.0,1.0,0.0,1.0,0.0,0.0,0.0,1.0,0
-2.5156228272448207,-0.44509590385897735,-0.9190902490568083,-0.1260585070871572,2.247792916153287,0.0,1.0,0.0,1.0,0.0,1.0,1.0,0.0,0.0,0.0,1.0,0
0.3975158712863277,-1.5675461352456321,-1.0378026477222717,-0.1260585070871572,-0.7485862381397372,1.0,0.0,1.0,0.0,1.0,0.0,1.0,0.0,1.0,0.0,0.0,1
0.3975158712863277,-0.7333775600525267,-0.8716052895906228,-0.1260585070871572,-0.7485862381397372,0.0,1.0,1.0,0.0,1.0,0.0,1.0,0.0,0.0,0.0,1.0,1
0.3975158712863277,0.4712435989834513,0.4698448153291146,-0.1260585070871572,1.248999864722279,0.0,1.0,0.0,1.0,1.0,0.0,1.0,0.0,0.0,0.0,1.0,1
0.3975158712863277,-0.22685027847527228,-0.23055833679711998,-0.1260585070871572,1.248999864722279,0.0,1.0,0.0,1.0,0.0,1.0,1.0,0.0,1.0,0.0,0.0,1
0.3975158712863277,-0.5301210722294684,-0.8003778503913447,-0.1260585070871572,-0.7485862381397372,0.0,1.0,0.0,1.0,1.0,0.0,1.0,0.0,0.0,0.0,1.0,1
0.3975158712863277,-0.2353864027955663,0.4579735754625682,-0.1260585070871572,0.25020681329127087,0.0,1.0,0.0,1.0,1.0,0.0,1.0,0.0,0.0,0.0,1.0,1
-2.5156228272448207,-0.03717936673143456,-0.3373994955960371,-0.1260585070871572,-0.7485862381397372,0.0,1.0,0.0,1.0,1.0,0.0,1.0,0.0,1.0,0.0,0.0,0
0.3975158712863277,-0.00701545668021066,-0.23055833679711998,-0.1260585070871572,-0.7485862381397372,0.0,1.0,1.0,0.0,1.0,0.0,1.0,0.0,0.0,0.0,1.0,1
0.3975158712863277,0.12307075651341957,0.3036474571974657,-0.1260585070871572,-0.7485862381397372,0.0,1.0,0.0,1.0,1.0,0.0,1.0,0.0,0.0,0.0,1.0,0
0.3975158712863277,0.9808870118421866,0.790368291725866,-0.1260585070871572,-0.7485862381397372,1.0,0.0,1.0,0.0,1.0,0.0,1.0,0.0,0.0,1.0,0.0,0
0.3975158712863277,-1.1847945128013075,-0.3255282557294908,-0.025217728428818694,-0.7485862381397372,1.0,0.0,1.0,0.0,1.0,0.0,1.0,0.0,0.0,1.0,0.0,1
0.3975158712863277,0.8871791009271135,1.5145139235851932,-0.1260585070871572,2.247792916153287,0.0,1.0,0.0,1.0,1.0,0.0,1.0,0.0,1.0,0.0,0.0,1
0.3975158712863277,-1.0008934947086339,-0.705407931458974,-0.1260585070871572,-0.7485862381397372,1.0,0.0,1.0,0.0,1.0,0.0,1.0,0.0,0.0,0.0,1.0,1
0.3975158712863277,-0.03974217924572476,1.2770891262542663,0.16677684807701387,-0.7485862381397372,0.0,1.0,0.0,1.0,1.0,0.0,1.0,0.0,0.0,0.0,1.0,0
-2.5156228272448207,-1.1423116797138075,-0.5629530530604178,-0.1260585070871572,-0.7485862381397372,0.0,1.0,0.0,1.0,1.0,0.0,1.0,0.0,0.0,0.0,1.0,0
0.3975158712863277,1.9346512827204172,1.8587798797150374,-0.1260585070871572,-0.7485862381397372,0.0,1.0,0.0,1.0,1.0,0.0,1.0,0.0,1.0,0.0,0.0,0
0.3975158712863277,-0.44949547888993324,-0.8834765294571691,-0.1260585070871572,-0.7485862381397372,0.0,1.0,0.0,1.0,1.0,0.0,1.0,0.0,0.0,1.0,0.0,1
0.3975158712863277,-1.6594403266280635,-1.0378026477222717,-0.1260585070871572,1.248999864722279,0.0,1.0,0.0,1.0,1.0,0.0,1.0,0.0,0.0,0.0,1.0,1
0.3975158712863277,-0.8690596830116241,-0.4086269347953152,-0.1260585070871572,1.248999864722279,1.0,0.0,0.0,1.0,1.0,0.0,1.0,0.0,0.0,1.0,0.0,1
0.3975158712863277,4.009336591707836,6.559790866867392,-0.1260585070871572,2.247792916153287,0.0,1.0,0.0,1.0,1.0,0.0,1.0,0.0,0.0,0.0,1.0,1
-2.5156228272448207,-0.31627928724248366,-0.23055833679711998,-0.1260585070871572,0.25020681329127087,0.0,1.0,0.0,1.0,1.0,0.0,1.0,0.0,1.0,0.0,0.0,0
-2.5156228272448207,-1.4173384040888908,-0.8003778503913447,-0.1260585070871572,-0.7485862381397372,1.0,0.0,1.0,0.0,0.0,1.0,1.0,0.0,0.0,0.0,1.0,0
0.3975158712863277,-0.8258212633410239,-0.37301321519567615,-0.1260585070871572,0.25020681329127087,0.0,1.0,0.0,1.0,1.0,0.0,1.0,0.0,0.0,1.0,0.0,1
0.3975158712863277,1.1258886266619745,-0.3255282557294908,-0.1260585070871572,1.248999864722279,0.0,1.0,0.0,1.0,1.0,0.0,1.0,0.0,1.0,0.0,0.0,1
0.3975158712863277,1.114103203489636,1.9537497986474082,-0.1260585070871572,0.25020681329127087,0.0,1.0,0.0,1.0,1.0,0.0,1.0,0.0,0.0,0.0,1.0,1
0.3975158712863277,-0.9030640706844126,-0.5629530530604178,0.0736112475341247,0.25020681329127087,0.0,1.0,1.0,0.0,0.0,1.0,1.0,0.0,0.0,0.0,1.0,1
0.3975158712863277,-0.5338901290810357,-0.19494461719748093,-0.1260585070871572,0.25020681329127087,0.0,1.0,0.0,1.0,0.0,1.0,1.0,0.0,1.0,0.0,0.0,1
0.3975158712863277,1.1282706976354617,1.027793089056793,-0.1260585070871572,-0.7485862381397372,0.0,1.0,0.0,1.0,1.0,0.0,1.0,0.0,0.0,1.0,0.0,1
0.3975158712863277,1.2113859964193652,0.4698448153291146,-0.1260585070871572,-0.7485862381397372,0.0,1.0,0.0,1.0,1.0,0.0,1.0,0.0,0.0,1.0,0.0,1
0.3975158712863277,0.5698518602342713,0.6241709335942172,-0.1260585070871572,1.248999864722279,0.0,1.0,0.0,1.0,1.0,0.0,1.0,0.0,0.0,1.0,0.0,1
-2.5156228272448207,-1.7906688260783923,-1.0378026477222717,-0.1260585070871572,-0.7485862381397372,0.0,1.0,0.0,1.0,1.0,0.0,1.0,0.0,0.0,0.0,1.0,0
0.3975158712863277,-0.12436476224664468,-0.26617205639675906,-0.1260585070871572,-0.7485862381397372,0.0,1.0,0.0,1.0,1.0,0.0,1.0,0.0,1.0,0.0,0.0,1
0.3975158712863277,2.2729044878556306,5.966228873540074,-0.1260585070871572,-0.7485862381397372,0.0,1.0,1.0,0.0,1.0,0.0,0.0,1.0,0.0,0.0,1.0,1
0.3975158712863277,1.398247842428937,0.9209519302578758,-0.1260585070871572,1.248999864722279,0.0,1.0,0.0,1.0,1.0,0.0,1.0,0.0,0.0,0.0,1.0,1
0.3975158712863277,0.13768540948276542,0.05435141999999238,-0.1260585070871572,-0.7485862381397372,0.0,1.0,0.0,1.0,1.0,0.0,0.0,1.0,1.0,0.0,0.0,1
-2.5156228272448207,-0.12034141620407444,-0.503596853727686,-0.1260585070871572,-0.7485862381397372,1.0,0.0,0.0,1.0,1.0,0.0,0.0,1.0,1.0,0.0,0.0,0
0.3975158712863277,-0.31441771942612967,-0.26617205639675906,-0.1260585070871572,-0.7485862381397372,0.0,1.0,1.0,0.0,1.0,0.0,1.0,0.0,0.0,0.0,1.0,1
0.3975158712863277,-0.6070076832346517,-0.44424065439495425,-0.1260585070871572,-0.7485862381397372,1.0,0.0,1.0,0.0,1.0,0.0,1.0,0.0,0.0,0.0,1.0,1
0.3975158712863277,-0.3380120921190555,-0.17120213746438825,-0.1260585070871572,-0.7485862381397372,0.0,1.0,0.0,1.0,0.0,1.0,1.0,0.0,1.0,0.0,0.0,0
0.3975158712863277,2.668419216062202,5.0165296842163665,-0.1260585070871572,-0.7485862381397372,0.0,1.0,0.0,1.0,1.0,0.0,1.0,0.0,1.0,0.0,0.0,0
0.3975158712863277,1.7112330050319042,-0.9190902490568083,-0.1260585070871572,1.248999864722279,1.0,0.0,0.0,1.0,1.0,0.0,1.0,0.0,0.0,0.0,1.0,1
0.3975158712863277,0.09348892278421198,-0.36114197532912984,-0.1260585070871572,0.25020681329127087,0.0,1.0,1.0,0.0,1.0,0.0,1.0,0.0,0.0,0.0,1.0,1
0.3975158712863277,-0.94136541368458,-0.7885066105247984,0.22332223651175503,2.247792916153287,0.0,1.0,0.0,1.0,0.0,1.0,1.0,0.0,1.0,0.0,0.0,0
0.3975158712863277,-0.39038812329377764,-0.1355884178647492,-0.1260585070871572,-0.7485862381397372,0.0,1.0,0.0,1.0,1.0,0.0,1.0,0.0,0.0,0.0,1.0,1
0.3975158712863277,-1.6648546275585494,-1.0378026477222717,-0.1260585070871572,-0.7485862381397372,1.0,0.0,1.0,0.0,1.0,0.0,1.0,0.0,0.0,0.0,1.0,0
0.3975158712863277,-1.9837317389339142,-0.23055833679711998,0.8525409990123184,-0.7485862381397372,0.0,1.0,1.0,0.0,0.0,1.0,1.0,0.0,0.0,0.0,1.0,0
-2.5156228272448207,0.49609539821632437,0.05435141999999238,-0.1260585070871572,-0.7485862381397372,0.0,1.0,0.0,1.0,0.0,1.0,1.0,0.0,1.0,0.0,0.0,0
0.3975158712863277,0.3149154454376136,-0.3136570158629444,-0.1260585070871572,-0.7485862381397372,0.0,1.0,0.0,1.0,1.0,0.0,1.0,0.0,1.0,0.0,0.0,1
0.3975158712863277,1.44651316780372,3.057775106236219,-0.1260585070871572,-0.7485862381397372,0.0,1.0,1.0,0.0,1.0,0.0,1.0,0.0,0.0,1.0,0.0,1
0.3975158712863277,0.2149404833402546,0.44610233559602186,-0.1260585070871572,-0.7485862381397372,0.0,1.0,1.0,0.0,1.0,0.0,1.0,0.0,0.0,1.0,0.0,0
0.3975158712863277,-0.14835107183843663,0.24429125786473396,-0.1260585070871572,-0.7485862381397372,0.0,1.0,1.0,0.0,1.0,0.0,1.0,0.0,0.0,0.0,1.0,1
0.3975158712863277,0.491536234454259,0.44610233559602186,-0.1260585070871572,1.248999864722279,0.0,1.0,0.0,1.0,0.0,1.0,1.0,0.0,1.0,0.0,0.0,1
-2.5156228272448207,0.069174430256481,0.8378532511920513,-0.1260585070871572,-0.7485862381397372,0.0,1.0,0.0,1.0,0.0,1.0,1.0,0.0,1.0,0.0,0.0,0
0.3975158712863277,-0.585757526742686,-0.3255282557294908,-0.1260585070871572,-0.7485862381397372,1.0,0.0,1.0,0.0,0.0,1.0,1.0,0.0,0.0,0.0,1.0,1
0.3975158712863277,-0.5698723835910926,-0.028747259065832063,-0.1260585070871572,-0.7485862381397372,0.0,1.0,1.0,0.0,1.0,0.0,1.0,0.0,1.0,0.0,0.0,1
0.3975158712863277,0.8527477956920932,0.4817160551956609,0.024532154473849876,-0.7485862381397372,0.0,1.0,0.0,1.0,1.0,0.0,1.0,0.0,1.0,0.0,0.0,1
0.3975158712863277,0.520143324714644,1.099020528256071,-0.1260585070871572,0.25020681329127087,0.0,1.0,0.0,1.0,1.0,0.0,0.0,1.0,0.0,0.0,1.0,1
0.3975158712863277,-0.4932587096178979,-0.6223092523931495,-0.1260585070871572,-0.7485862381397372,0.0,1.0,0.0,1.0,1.0,0.0,1.0,0.0,0.0,0.0,1.0,1
0.3975158712863277,-0.5797308102739671,-0.44424065439495425,-0.1260585070871572,-0.7485862381397372,0.0,1.0,0.0,1.0,0.0,1.0,1.0,0.0,1.0,0.0,0.0,1
-2.5156228272448207,-0.31478988251407203,-0.6816654517258812,-0.11309262153164353,-0.7485862381397372,0.0,1.0,0.0,1.0,1.0,0.0,1.0,0.0,1.0,0.0,0.0,1
0.3975158712863277,0.039935384635153344,0.14932133893236316,-0.1260585070871572,0.25020681329127087,0.0,1.0,0.0,1.0,1.0,0.0,1.0,0.0,1.0,0.0,0.0,1
-2.5156228272448207,1.1053435169669203,0.7310120923931342,-0.1260585070871572,-0.7485862381397372,0.0,1.0,1.0,0.0,1.0,0.0,1.0,0.0,1.0,0.0,0.0,0
0.3975158712863277,0.3928373255328804,0.7072696126600415,-0.1260585070871572,-0.7485862381397372,0.0,1.0,0.0,1.0,1.0,0.0,1.0,0.0,0.0,1.0,0.0,1
0.3975158712863277,-2.5862866059870546,-1.0378026477222717,-0.1260585070871572,-0.7485862381397372,0.0,1.0,1.0,0.0,0.0,1.0,1.0,0.0,0.0,0.0,1.0,0
0.3975158712863277,-0.6223378732325041,-0.3848844550622225,0.5351537666479502,-0.7485862381397372,0.0,1.0,0.0,1.0,0.0,1.0,1.0,0.0,0.0,1.0,0.0,1
0.3975158712863277,-0.8745996005633797,-0.6223092523931495,-0.1260585070871572,0.25020681329127087,1.0,0.0,1.0,0.0,1.0,0.0,1.0,0.0,0.0,1.0,0.0,1
0.3975158712863277,-0.7157103863792279,-0.6341804922596959,-0.1260585070871572,0.25020681329127087,0.0,1.0,1.0,0.0,0.0,1.0,1.0,0.0,0.0,1.0,0.0,1
0.3975158712863277,0.8827159449334707,1.9418785587808618,-0.1260585070871572,-0.7485862381397372,0.0,1.0,1.0,0.0,1.0,0.0,1.0,0.0,1.0,0.0,0.0,0
0.3975158712863277,-0.6000418656305745,-0.503596853727686,2.325931338192724,0.25020681329127087,1.0,0.0,0.0,1.0,1.0,0.0,1.0,0.0,0.0,1.0,0.0,1
-2.5156228272448207,-1.8266812990803012,-0.9665752085229936,-0.11334942259235892,0.25020681329127087,0.0,1.0,0.0,1.0,1.0,0.0,0.0,1.0,1.0,0.0,0.0,0
0.3975158712863277,1.264730570332572,0.41048861599638287,-0.1260585070871572,0.25020681329127087,0.0,1.0,0.0,1.0,1.0,0.0,0.0,1.0,0.0,0.0,1.0,1
0.3975158712863277,2.2095308500348243,5.372666880212757,-0.1260585070871572,0.25020681329127087,1.0,0.0,0.0,1.0,1.0,0.0,0.0,1.0,0.0,1.0,0.0,1
0.3975158712863277,-0.4527017829153374,-0.2543008165302127,-0.1260585070871572,-0.7485862381397372,0.0,1.0,1.0,0.0,0.0,1.0,1.0,0.0,1.0,0.0,0.0,1
0.3975158712863277,1.1861838207370377,0.6241709335942172,-0.1260585070871572,1.248999864722279,0.0,1.0,0.0,1.0,1.0,0.0,1.0,0.0,0.0,0.0,1.0,1
0.3975158712863277,-0.9987340323305858,-1.0378026477222717,-0.1260585070871572,1.248999864722279,0.0,1.0,0.0,1.0,0.0,1.0,1.0,0.0,0.0,0.0,1.0,1
0.3975158712863277,0.3500126028212737,0.33926117679710477,-0.1260585070871572,1.248999864722279,0.0,1.0,0.0,1.0,1.0,0.0,0.0,1.0,1.0,0.0,0.0,1
0.3975158712863277,-1.4186933296354598,-0.9190902490568083,-0.1260585070871572,-0.7485862381397372,0.0,1.0,1.0,0.0,1.0,0.0,1.0,0.0,0.0,1.0,0.0,1
0.3975158712863277,2.3994426805812865,1.0871492883895246,-0.1260585070871572,1.248999864722279,0.0,1.0,0.0,1.0,1.0,0.0,0.0,1.0,0.0,0.0,1.0,0
0.3975158712863277,-0.891829085385091,-0.4086269347953152,0.7989085219347671,1.248999864722279,0.0,1.0,0.0,1.0,0.0,1.0,1.0,0.0,0.0,1.0,0.0,1
-2.5156228272448207,-0.919529174256097,-0.26617205639675906,-0.1260585070871572,1.248999864722279,0.0,1.0,0.0,1.0,0.0,1.0,1.0,0.0,1.0,0.0,0.0,0
0.3975158712863277,-0.18232690204436625,0.006866460533806984,-0.1260585070871572,1.248999864722279,0.0,1.0,0.0,1.0,1.0,0.0,1.0,0.0,0.0,0.0,1.0,1
0.3975158712863277,0.26560614378006214,-0.23055833679711998,-0.1260585070871572,-0.7485862381397372,0.0,1.0,1.0,0.0,1.0,0.0,1.0,0.0,0.0,0.0,1.0,0
0.3975158712863277,-0.7005041212817364,-0.4798543739945933,-0.1260585070871572,0.25020681329127087,0.0,1.0,0.0,1.0,1.0,0.0,1.0,0.0,1.0,0.0,0.0,1
0.3975158712863277,0.6449731571435668,1.1702479674553492,-0.1260585070871572,1.248999864722279,0.0,1.0,0.0,1.0,1.0,0.0,1.0,0.0,0.0,1.0,0.0,1
0.3975158712863277,-1.3423601459827672,-0.9072190091902619,-0.1260585070871572,-0.7485862381397372,0.0,1.0,1.0,0.0,1.0,0.0,1.0,0.0,0.0,0.0,1.0,1
0.3975158712863277,0.989524229870529,-0.23055833679711998,-0.1260585070871572,-0.7485862381397372,1.0,0.0,0.0,1.0,1.0,0.0,1.0,0.0,0.0,1.0,0.0,1
0.3975158712863277,-0.39932904778934375,-0.42049817466186157,-0.1260585070871572,-0.7485862381397372,0.0,1.0,0.0,1.0,1.0,0.0,1.0,0.0,0.0,1.0,0.0,1
0.3975158712863277,-0.012061229251520754,-0.3255282557294908,-0.1260585070871572,1.248999864722279,1.0,0.0,1.0,0.0,1.0,0.0,1.0,0.0,0.0,1.0,0.0,1
0.3975158712863277,2.578800921492098,2.392985673709623,-0.1260585070871572,0.25020681329127087,0.0,1.0,0.0,1.0,1.0,0.0,1.0,0.0,0.0,1.0,0.0,0
0.3975158712863277,0.12219017907771547,0.29177621733091935,-0.1260585070871572,-0.7485862381397372,0.0,1.0,0.0,1.0,1.0,0.0,1.0,0.0,0.0,0.0,1.0,1
0.3975158712863277,-0.8126062279619677,-1.0378026477222717,-0.1260585070871572,-0.7485862381397372,0.0,1.0,1.0,0.0,1.0,0.0,1.0,0.0,0.0,1.0,0.0,1
0.3975158712863277,-0.9917332124526972,-0.1118459381316565,0.023123967955811748,1.248999864722279,1.0,0.0,1.0,0.0,1.0,0.0,1.0,0.0,0.0,0.0,1.0,0
0.3975158712863277,2.8442773345720265,3.948118096227195,-0.1260585070871572,-0.7485862381397372,0.0,1.0,0.0,1.0,1.0,0.0,1.0,0.0,0.0,0.0,1.0,1
0.3975158712863277,0.2748176235904242,-0.705407931458974,-0.1260585070871572,1.248999864722279,0.0,1.0,0.0,1.0,1.0,0.0,0.0,1.0,0.0,0.0,1.0,1
-2.5156228272448207,0.08422124809811592,-0.23055833679711998,-0.1260585070871572,-0.7485862381397372,0.0,1.0,0.0,1.0,0.0,1.0,1.0,0.0,0.0,0.0,1.0,0
0.3975158712863277,-0.42443899074834407,-0.1118459381316565,-0.1260585070871572,-0.7485862381397372,0.0,1.0,0.0,1.0,1.0,0.0,1.0,0.0,0.0,1.0,0.0,1
-2.5156228272448207,-0.392328114202435,-0.1830733773309346,-0.1260585070871572,1.248999864722279,0.0,1.0,0.0,1.0,1.0,0.0,1.0,0.0,0.0,1.0,0.0,0
0.3975158712863277,-0.1096552589094673,0.24429125786473396,-0.1260585070871572,1.248999864722279,0.0,1.0,0.0,1.0,1.0,0.0,1.0,0.0,0.0,0.0,1.0,1
-2.5156228272448207,-0.0606982778241787,0.018737700400353333,-0.1260585070871572,-0.7485862381397372,0.0,1.0,0.0,1.0,1.0,0.0,1.0,0.0,1.0,0.0,0.0,0
0.3975158712863277,-0.31776989723481847,-0.3255282557294908,-0.1260585070871572,-0.7485862381397372,0.0,1.0,0.0,1.0,0.0,1.0,1.0,0.0,0.0,0.0,1.0,1
0.3975158712863277,-1.5882349181255961,-1.0378026477222717,-0.1260585070871572,-0.7485862381397372,0.0,1.0,1.0,0.0,1.0,0.0,1.0,0.0,0.0,0.0,1.0,1
-2.5156228272448207,-0.3244926097973385,0.22054877813164125,-0.1260585070871572,1.248999864722279,0.0,1.0,1.0,0.0,1.0,0.0,1.0,0.0,0.0,1.0,0.0,1
0.3975158712863277,-0.9650522535496097,-1.0378026477222717,-0.1260585070871572,-0.7485862381397372,1.0,0.0,1.0,0.0,1.0,0.0,1.0,0.0,0.0,0.0,1.0,1
0.3975158712863277,1.0688287804586574,0.7191408525265879,-0.1260585070871572,1.248999864722279,0.0,1.0,0.0,1.0,1.0,0.0,1.0,0.0,0.0,1.0,0.0,1
0.3975158712863277,-0.2815927670018907,-0.43236941452840794,0.155511146398613,0.25020681329127087,0.0,1.0,0.0,1.0,0.0,1.0,1.0,0.0,0.0,0.0,1.0,1
0.3975158712863277,-0.13716364451351223,0.07809389973308507,-0.1260585070871572,-0.7485862381397372,1.0,0.0,0.0,1.0,1.0,0.0,1.0,0.0,0.0,1.0,0.0,1
0.3975158712863277,0.3343800801641907,0.4698448153291146,-0.1260585070871572,2.247792916153287,0.0,1.0,0.0,1.0,1.0,0.0,0.0,1.0,0.0,1.0,0.0,1
0.3975158712863277,0.9365167818763702,1.5619988830513787,0.6134977269104006,0.25020681329127087,0.0,1.0,0.0,1.0,0.0,1.0,1.0,0.0,0.0,1.0,0.0,1
-2.5156228272448207,-1.129523851028949,-0.9072190091902619,-0.1260585070871572,-0.7485862381397372,1.0,0.0,1.0,0.0,1.0,0.0,1.0,0.0,0.0,0.0,1.0,0
-2.5156228272448207,-0.18961517253195992,-0.1355884178647492,-0.1260585070871572,-0.7485862381397372,0.0,1.0,0.0,1.0,1.0,0.0,1.0,0.0,0.0,1.0,0.0,0
0.3975158712863277,-1.3937871273158142,-0.97844644838954,-0.1260585070871572,-0.7485862381397372,0.0,1.0,1.0,0.0,0.0,1.0,1.0,0.0,1.0,0.0,0.0,0
0.3975158712863277,-0.77782273277011,-0.6223092523931495,-0.1260585070871572,-0.7485862381397372,0.0,1.0,0.0,1.0,0.0,1.0,1.0,0.0,0.0,0.0,1.0,1
0.3975158712863277,-0.7730432251651269,-0.6104380125266031,-0.1260585070871572,1.248999864722279,0.0,1.0,0.0,1.0,1.0,0.0,1.0,0.0,0.0,1.0,0.0,1
0.3975158712863277,0.12248375166539557,-0.040618498932378407,-0.1260585070871572,-0.7485862381397372,1.0,0.0,1.0,0.0,1.0,0.0,1.0,0.0,0.0,1.0,0.0,1
0.3975158712863277,0.5645484219406085,0.29177621733091935,-0.1260585070871572,-0.7485862381397372,0.0,1.0,1.0,0.0,1.0,0.0,1.0,0.0,1.0,0.0,0.0,1
-2.5156228272448207,1.875202700067725,0.5292010146618463,-0.1260585070871572,-0.7485862381397372,0.0,1.0,1.0,0.0,1.0,0.0,0.0,1.0,0.0,0.0,1.0,0
0.3975158712863277,-0.3349991759740017,-0.539210573327325,-0.1260585070871572,-0.7485862381397372,0.0,1.0,1.0,0.0,1.0,0.0,1.0,0.0,0.0,1.0,0.0,1
0.3975158712863277,-0.48998109096396125,-0.4086269347953152,-0.1260585070871572,1.248999864722279,0.0,1.0,0.0,1.0,1.0,0.0,1.0,0.0,0.0,0.0,1.0,1
0.3975158712863277,-1.1604829192367414,-0.5866955327935105,-0.1260585070871572,1.248999864722279,1.0,0.0,0.0,1.0,0.0,1.0,1.0,0.0,0.0,1.0,0.0,1
0.3975158712863277,-0.18857222382191888,-0.19494461719748093,-0.1260585070871572,-0.7485862381397372,0.0,1.0,0.0,1.0,1.0,0.0,1.0,0.0,0.0,1.0,0.0,1
0.3975158712863277,0.3461168921041139,-0.7528928909251593,-0.1260585070871572,-0.7485862381397372,0.0,1.0,1.0,0.0,1.0,0.0,0.0,1.0,0.0,1.0,0.0,1
0.3975158712863277,-0.9324957292596127,-0.5629530530604178,-0.1260585070871572,-0.7485862381397372,0.0,1.0,0.0,1.0,1.0,0.0,1.0,0.0,0.0,0.0,1.0,1
0.3975158712863277,-0.5818809461519366,-0.5629530530604178,-0.1260585070871572,2.247792916153287,0.0,1.0,0.0,1.0,1.0,0.0,1.0,0.0,0.0,0.0,1.0,1
0.3975158712863277,-0.12067635959939942,-0.2068158570640273,-0.1260585070871572,2.247792916153287,0.0,1.0,0.0,1.0,0.0,1.0,0.0,1.0,0.0,1.0,0.0,1
0.3975158712863277,-0.9629343789874619,0.08996513959963143,14.178072682101346,0.25020681329127087,1.0,0.0,1.0,0.0,1.0,0.0,1.0,0.0,0.0,1.0,0.0,0
0.3975158712863277,0.6451941952667714,0.6241709335942172,-0.1260585070871572,2.247792916153287,0.0,1.0,0.0,1.0,1.0,0.0,1.0,0.0,0.0,1.0,0.0,1
0.3975158712863277,2.0158116640481016,0.03060894026689968,-0.1260585070871572,1.248999864722279,0.0,1.0,0.0,1.0,1.0,0.0,0.0,1.0,1.0,0.0,0.0,1
0.3975158712863277,-1.0291993419680883,-0.8003778503913447,6.942122678421086,-0.7485862381397372,0.0,1.0,1.0,0.0,0.0,1.0,1.0,0.0,0.0,1.0,0.0,0
0.3975158712863277,0.36525629044132857,-0.06436097866547111,0.0022199866283947895,-0.7485862381397372,0.0,1.0,0.0,1.0,1.0,0.0,1.0,0.0,1.0,0.0,0.0,1
0.3975158712863277,0.4610128281325153,0.04248018013344603,-0.1260585070871572,-0.7485862381397372,1.0,0.0,1.0,0.0,1.0,0.0,1.0,0.0,1.0,0.0,0.0,0
0.3975158712863277,-0.5690176173588142,0.5054585349287536,0.15610321550195175,0.25020681329127087,0.0,1.0,1.0,0.0,0.0,1.0,0.0,1.0,0.0,1.0,0.0,0
0.3975158712863277,-0.5664556959479119,-0.5748242929269641,-0.1260585070871572,-0.7485862381397372,1.0,0.0,1.0,0.0,1.0,0.0,0.0,1.0,0.0,1.0,0.0,0
0.3975158712863277,-0.7956155311598512,-0.42049817466186157,-0.1260585070871572,0.25020681329127087,1.0,0.0,1.0,0.0,1.0,0.0,1.0,0.0,1.0,0.0,0.0,1
0.3975158712863277,-0.4627576065433069,-0.3848844550622225,-0.1260585070871572,-0.7485862381397372,0.0,1.0,0.0,1.0,0.0,1.0,1.0,0.0,0.0,0.0,1.0,1
0.3975158712863277,0.2957773907116759,0.03060894026689968,-0.1260585070871572,2.247792916153287,0.0,1.0,0.0,1.0,1.0,0.0,1.0,0.0,1.0,0.0,0.0,1
0.3975158712863277,0.039935384635153344,-0.07623221853201746,-0.1260585070871572,-0.7485862381397372,0.0,1.0,1.0,0.0,1.0,0.0,1.0,0.0,0.0,0.0,1.0,1
0.3975158712863277,-0.8258212633410239,-0.4086269347953152,-0.1260585070871572,-0.7485862381397372,0.0,1.0,1.0,0.0,1.0,0.0,1.0,0.0,0.0,0.0,1.0,0
0.3975158712863277,-0.22685027847527228,-0.1830733773309346,-0.1260585070871572,0.25020681329127087,1.0,0.0,1.0,0.0,0.0,1.0,1.0,0.0,0.0,1.0,0.0,1
0.3975158712863277,-1.1949697979306892,-0.9072190091902619,-0.1260585070871572,-0.7485862381397372,0.0,1.0,1.0,0.0,1.0,0.0,1.0,0.0,0.0,0.0,1.0,0
0.3975158712863277,-0.602215855258005,0.3036474571974657,0.04378817148007738,2.247792916153287,0.0,1.0,0.0,1.0,0.0,1.0,1.0,0.0,1.0,0.0,0.0,0
0.3975158712863277,-0.2353864027955663,-0.3967556949287689,-0.1260585070871572,-0.7485862381397372,0.0,1.0,0.0,1.0,1.0,0.0,1.0,0.0,0.0,1.0,0.0,1
-2.5156228272448207,0.4898536939337311,-0.5154680935942324,-0.1260585070871572,-0.7485862381397372,0.0,1.0,0.0,1.0,0.0,1.0,1.0,0.0,0.0,0.0,1.0,0
0.3975158712863277,-0.38535368821044486,-0.23055833679711998,-0.1260585070871572,0.25020681329127087,0.0,1.0,0.0,1.0,0.0,1.0,1.0,0.0,0.0,0.0,1.0,1
0.3975158712863277,-0.3907759580562392,-0.6223092523931495,-0.1260585070871572,2.247792916153287,0.0,1.0,0.0,1.0,1.0,0.0,1.0,0.0,1.0,0.0,0.0,1
0.3975158712863277,-0.26666574212058164,-0.7172791713255203,-0.1260585070871572,-0.7485862381397372,0.0,1.0,0.0,1.0,0.0,1.0,0.0,1.0,0.0,1.0,0.0,0
0.3975158712863277,-0.4631609835727335,-0.5629530530604178,-0.1260585070871572,1.248999864722279,0.0,1.0,0.0,1.0,1.0,0.0,1.0,0.0,0.0,0.0,1.0,0
0.3975158712863277,0.08571919174210878,-0.1830733773309346,-0.1260585070871572,-0.7485862381397372,1.0,0.0,1.0,0.0,1.0,0.0,1.0,0.0,1.0,0.0,0.0,1
0.3975158712863277,-0.45631555863083245,-0.42049817466186157,-0.1260585070871572,-0.7485862381397372,1.0,0.0,0.0,1.0,1.0,0.0,1.0,0.0,1.0,0.0,0.0,0
0.3975158712863277,0.9552900915155204,0.3273899369305584,-0.1260585070871572,-0.7485862381397372,0.0,1.0,0.0,1.0,1.0,0.0,1.0,0.0,0.0,1.0,0.0,1
0.3975158712863277,-0.587051535364575,-0.1593308975978419,-0.1260585070871572,-0.7485862381397372,0.0,1.0,1.0,0.0,1.0,0.0,1.0,0.0,0.0,1.0,0.0,1
-2.5156228272448207,0.2062655478806247,0.20867753826509491,-0.1260585070871572,-0.7485862381397372,0.0,1.0,0.0,1.0,1.0,0.0,1.0,0.0,0.0,0.0,1.0,0
0.3975158712863277,0.1588167086263558,0.6241709335942172,-0.1260585070871572,-0.7485862381397372,0.0,1.0,1.0,0.0,1.0,0.0,0.0,1.0,1.0,0.0,0.0,1
-2.5156228272448207,-0.4177357059542505,-0.23055833679711998,-0.1260585070871572,2.247792916153287,0.0,1.0,0.0,1.0,1.0,0.0,1.0,0.0,0.0,1.0,0.0,0
-2.5156228272448207,1.6478282944747589,0.14932133893236316,-0.1260585070871572,0.25020681329127087,0.0,1.0,0.0,1.0,1.0,0.0,0.0,1.0,0.0,0.0,1.0,0
0.3975158712863277,0.26614927254634624,-0.44424065439495425,-0.1260585070871572,-0.7485862381397372,0.0,1.0,0.0,1.0,1.0,0.0,1.0,0.0,0.0,0.0,1.0,0
0.3975158712863277,-0.9746129386677386,-1.0378026477222717,-0.1260585070871572,-0.7485862381397372,0.0,1.0,0.0,1.0,1.0,0.0,0.0,1.0,0.0,1.0,0.0,1
0.3975158712863277,-1.2634497630218602,-0.7885066105247984,-0.1260585070871572,1.248999864722279,0.0,1.0,0.0,1.0,1.0,0.0,1.0,0.0,0.0,1.0,0.0,1
0.3975158712863277,-0.4615480051881372,0.14932133893236316,-0.1260585070871572,-0.7485862381397372,0.0,1.0,0.0,1.0,1.0,0.0,1.0,0.0,0.0,0.0,1.0,1
0.3975158712863277,0.708201416646192,0.03060894026689968,-0.1260585070871572,0.25020681329127087,1.0,0.0,1.0,0.0,1.0,0.0,0.0,1.0,0.0,1.0,0.0,1
0.3975158712863277,0.8584656075861544,1.7163250013164812,-0.1260585070871572,2.247792916153287,0.0,1.0,1.0,0.0,1.0,0.0,0.0,1.0,0.0,1.0,0.0,1
0.3975158712863277,0.39688850780640367,0.29177621733091935,2.153175857772041,0.25020681329127087,0.0,1.0,0.0,1.0,1.0,0.0,1.0,0.0,1.0,0.0,0.0,0
0.3975158712863277,0.10981768888779599,-0.4086269347953152,-0.1260585070871572,-0.7485862381397372,1.0,0.0,0.0,1.0,1.0,0.0,1.0,0.0,0.0,1.0,0.0,1
0.3975158712863277,-0.358479204882321,-0.5629530530604178,-0.1260585070871572,2.247792916153287,0.0,1.0,0.0,1.0,0.0,1.0,1.0,0.0,0.0,1.0,0.0,1
0.3975158712863277,-1.2191357227233384,-0.5748242929269641,-0.1260585070871572,2.247792916153287,0.0,1.0,0.0,1.0,1.0,0.0,1.0,0.0,0.0,0.0,1.0,1
0.3975158712863277,1.2383314723020715,0.20867753826509491,-0.1260585070871572,1.248999864722279,0.0,1.0,0.0,1.0,1.0,0.0,1.0,0.0,1.0,0.0,0.0,1
0.3975158712863277,-0.6346945543401107,-0.9072190091902619,-0.1260585070871572,-0.7485862381397372,1.0,0.0,1.0,0.0,1.0,0.0,1.0,0.0,0.0,1.0,0.0,1
0.3975158712863277,-0.03142604233271489,-0.21868709693057364,-0.1260585070871572,-0.7485862381397372,0.0,1.0,0.0,1.0,1.0,0.0,1.0,0.0,1.0,0.0,0.0,1
0.3975158712863277,2.318108069908468,-0.23055833679711998,-0.1260585070871572,-0.7485862381397372,0.0,1.0,0.0,1.0,1.0,0.0,1.0,0.0,1.0,0.0,0.0,0
-2.5156228272448207,-0.1358121982331505,-0.2543008165302127,0.23059279805895058,-0.7485862381397372,0.0,1.0,1.0,0.0,0.0,1.0,1.0,0.0,0.0,0.0,1.0,0
0.3975158712863277,-0.20042702921343075,-0.44424065439495425,-0.1260585070871572,1.248999864722279,0.0,1.0,0.0,1.0,0.0,1.0,1.0,0.0,0.0,0.0,1.0,1
0.3975158712863277,-0.6587619532575492,-1.0378026477222717,-0.1260585070871572,2.247792916153287,0.0,1.0,0.0,1.0,1.0,0.0,1.0,0.0,1.0,0.0,0.0,1
0.3975158712863277,-0.49284868820329425,-0.0881034583985638,0.7937957804973015,0.25020681329127087,0.0,1.0,0.0,1.0,0.0,1.0,1.0,0.0,0.0,0.0,1.0,0
0.3975158712863277,-1.5726965873260004,-0.6104380125266031,-0.1260585070871572,-0.7485862381397372,0.0,1.0,1.0,0.0,1.0,0.0,1.0,0.0,0.0,1.0,0.0,0
0.3975158712863277,0.008976316427360733,0.3036474571974657,-0.1260585070871572,0.25020681329127087,0.0,1.0,0.0,1.0,1.0,0.0,1.0,0.0,0.0,1.0,0.0,1
0.3975158712863277,-0.4106645986239603,-0.3255282557294908,-0.1260585070871572,-0.7485862381397372,0.0,1.0,0.0,1.0,1.0,0.0,1.0,0.0,0.0,0.0,1.0,1
0.3975158712863277,-0.8550328016511891,-0.44424065439495425,-0.1260585070871572,-0.7485862381397372,0.0,1.0,1.0,0.0,0.0,1.0,1.0,0.0,1.0,0.0,0.0,1
0.3975158712863277,1.054548791537225,1.3245740857204518,-0.1260585070871572,-0.7485862381397372,1.0,0.0,1.0,0.0,1.0,0.0,1.0,0.0,0.0,0.0,1.0,1
0.3975158712863277,1.0124814677650402,1.7638099607826665,-0.1260585070871572,-0.7485862381397372,0.0,1.0,1.0,0.0,1.0,0.0,1.0,0.0,0.0,1.0,0.0,1
0.3975158712863277,0.22718356960347255,0.04248018013344603,-0.1260585070871572,0.25020681329127087,0.0,1.0,0.0,1.0,1.0,0.0,1.0,0.0,0.0,1.0,0.0,0
0.3975158712863277,-0.6614556235365129,-0.2780432962633054,-0.1260585070871572,-0.7485862381397372,1.0,0.0,0.0,1.0,0.0,1.0,1.0,0.0,1.0,0.0,0.0,1
0.3975158712863277,-1.3475691171387272,-0.6341804922596959,-0.1260585070871572,2.247792916153287,0.0,1.0,0.0,1.0,0.0,1.0,1.0,0.0,0.0,1.0,0.0,1
0.3975158712863277,2.578336663437675,2.6422817109070964,-0.1260585070871572,2.247792916153287,0.0,1.0,0.0,1.0,1.0,0.0,1.0,0.0,1.0,0.0,0.0,1
0.3975158712863277,0.06887223663796933,0.03060894026689968,-0.1260585070871572,1.248999864722279,0.0,1.0,0.0,1.0,1.0,0.0,1.0,0.0,0.0,1.0,0.0,1
0.3975158712863277,-1.621222748328166,-0.8597340497240765,-0.1260585070871572,-0.7485862381397372,0.0,1.0,1.0,0.0,1.0,0.0,1.0,0.0,0.0,0.0,1.0,0
0.3975158712863277,-0.05357872111402756,-0.2068158570640273,-0.1260585070871572,2.247792916153287,0.0,1.0,0.0,1.0,0.0,1.0,0.0,1.0,1.0,0.0,0.0,1
0.3975158712863277,-0.14461437472066646,-0.14745965773129555,-0.1260585070871572,-0.7485862381397372,1.0,0.0,1.0,0.0,1.0,0.0,1.0,0.0,1.0,0.0,0.0,1
-2.5156228272448207,0.2246859133597706,-0.23055833679711998,-0.1260585070871572,1.248999864722279,0.0,1.0,0.0,1.0,1.0,0.0,0.0,1.0,1.0,0.0,0.0,0
0.3975158712863277,-2.0977075441869752,-1.0259314078557253,-0.1260585070871572,0.25020681329127087,0.0,1.0,0.0,1.0,1.0,0.0,1.0,0.0,1.0,0.0,0.0,0
0.3975158712863277,-0.11866761218385302,-0.23055833679711998,-0.1260585070871572,-0.7485862381397372,0.0,1.0,1.0,0.0,1.0,0.0,1.0,0.0,1.0,0.0,0.0,1
0.3975158712863277,2.080410781754761,-0.26617205639675906,-0.1260585070871572,-0.7485862381397372,1.0,0.0,1.0,0.0,0.0,1.0,0.0,1.0,0.0,0.0,1.0,1
0.3975158712863277,-1.302482431374994,-0.6223092523931495,-0.1260585070871572,0.25020681329127087,0.0,1.0,0.0,1.0,1.0,0.0,0.0,1.0,0.0,1.0,0.0,1
0.3975158712863277,-0.3707160525254778,-0.44424065439495425,-0.1260585070871572,-0.7485862381397372,0.0,1.0,0.0,1.0,1.0,0.0,1.0,0.0,1.0,0.0,0.0,1
-2.5156228272448207,0.008976316427360733,-0.28991453612985174,-0.1260585070871572,2.247792916153287,0.0,1.0,0.0,1.0,1.0,0.0,1.0,0.0,1.0,0.0,0.0,0
0.3975158712863277,-0.17748402662283871,-0.43236941452840794,-0.1260585070871572,-0.7485862381397372,0.0,1.0,1.0,0.0,0.0,1.0,1.0,0.0,0.0,1.0,0.0,1
0.3975158712863277,-0.05325575781040332,-0.3255282557294908,-0.1260585070871572,-0.7485862381397372,0.0,1.0,0.0,1.0,1.0,0.0,1.0,0.0,1.0,0.0,0.0,1
0.3975158712863277,-0.7654217146385534,-0.9547039686564472,-0.1260585070871572,0.25020681329127087,0.0,1.0,0.0,1.0,1.0,0.0,1.0,0.0,0.0,0.0,1.0,0
0.3975158712863277,-0.8258212633410239,-0.5629530530604178,-0.1260585070871572,-0.7485862381397372,0.0,1.0,1.0,0.0,1.0,0.0,1.0,0.0,0.0,0.0,1.0,1
0.3975158712863277,0.2177301570485362,-0.12371717799820285,0.0649393384045858,0.25020681329127087,0.0,1.0,0.0,1.0,0.0,1.0,1.0,0.0,0.0,0.0,1.0,1
0.3975158712863277,0.7445777590604702,-0.9190902490568083,-0.1260585070871572,-0.7485862381397372,0.0,1.0,0.0,1.0,1.0,0.0,1.0,0.0,0.0,1.0,0.0,0
0.3975158712863277,-1.042964323057353,-0.9190902490568083,-0.1260585070871572,-0.7485862381397372,0.0,1.0,1.0,0.0,1.0,0.0,1.0,0.0,0.0,0.0,1.0,1
0.3975158712863277,0.8980009099657602,0.5173297747953,-0.1260585070871572,-0.7485862381397372,0.0,1.0,0.0,1.0,1.0,0.0,0.0,1.0,0.0,1.0,0.0,1
0.3975158712863277,0.8206771923741206,0.44610233559602186,-0.1260585070871572,2.247792916153287,0.0,1.0,1.0,0.0,1.0,0.0,1.0,0.0,1.0,0.0,0.0,1
0.3975158712863277,0.5113700849455393,0.4698448153291146,-0.1260585070871572,1.248999864722279,0.0,1.0,0.0,1.0,0.0,1.0,1.0,0.0,0.0,1.0,0.0,0
-2.5156228272448207,-1.3063040534875063,-1.0378026477222717,-0.1260585070871572,1.248999864722279,0.0,1.0,0.0,1.0,0.0,1.0,1.0,0.0,0.0,0.0,1.0,0
0.3975158712863277,1.0137485191963704,0.17306381866545587,-0.1260585070871572,1.248999864722279,0.0,1.0,1.0,0.0,1.0,0.0,1.0,0.0,1.0,0.0,0.0,1
0.3975158712863277,-1.1335830840214334,-0.8716052895906228,-0.1260585070871572,2.247792916153287,0.0,1.0,0.0,1.0,0.0,1.0,1.0,0.0,0.0,1.0,0.0,1
0.3975158712863277,1.264730570332572,0.9209519302578758,-0.1260585070871572,-0.7485862381397372,1.0,0.0,1.0,0.0,1.0,0.0,1.0,0.0,1.0,0.0,0.0,0
0.3975158712863277,-0.6039568962170223,-0.42049817466186157,-0.1260585070871572,-0.7485862381397372,1.0,0.0,1.0,0.0,1.0,0.0,1.0,0.0,0.0,1.0,0.0,0
0.3975158712863277,-0.2289806039218669,0.08996513959963143,-0.1260585070871572,1.248999864722279,0.0,1.0,0.0,1.0,1.0,0.0,1.0,0.0,0.0,1.0,0.0,1
0.3975158712863277,-1.0402030855480786,-0.23055833679711998,-0.044054833675243744,-0.7485862381397372,0.0,1.0,0.0,1.0,1.0,0.0,1.0,0.0,0.0,0.0,1.0,1
0.3975158712863277,-0.7124743086533144,-1.0378026477222717,-0.1260585070871572,0.25020681329127087,0.0,1.0,0.0,1.0,1.0,0.0,1.0,0.0,0.0,0.0,1.0,1
0.3975158712863277,0.10360013976389573,-0.6935366915924276,-0.1260585070871572,-0.7485862381397372,0.0,1.0,1.0,0.0,1.0,0.0,1.0,0.0,1.0,0.0,0.0,1
0.3975158712863277,-0.4028395180477194,0.08996513959963143,-0.1260585070871572,-0.7485862381397372,0.0,1.0,0.0,1.0,1.0,0.0,1.0,0.0,1.0,0.0,0.0,1
0.3975158712863277,1.7129669052987793,-0.6104380125266031,-0.1260585070871572,-0.7485862381397372,0.0,1.0,0.0,1.0,1.0,0.0,1.0,0.0,0.0,1.0,0.0,1
0.3975158712863277,-0.7455640042811331,-0.2780432962633054,-0.1260585070871572,1.248999864722279,0.0,1.0,0.0,1.0,0.0,1.0,1.0,0.0,0.0,1.0,0.0,1
0.3975158712863277,0.1050824132787466,-0.17120213746438825,-0.1260585070871572,-0.7485862381397372,0.0,1.0,1.0,0.0,0.0,1.0,1.0,0.0,1.0,0.0,0.0,0
-2.5156228272448207,-0.29590478774190604,-0.5273393334607787,-0.1260585070871572,-0.7485862381397372,1.0,0.0,1.0,0.0,1.0,0.0,1.0,0.0,0.0,1.0,0.0,0
0.3975158712863277,-0.8023930149596274,-0.42049817466186157,-0.1260585070871572,-0.7485862381397372,0.0,1.0,0.0,1.0,1.0,0.0,1.0,0.0,1.0,0.0,0.0,1
0.3975158712863277,0.07008071376677165,0.16119257879890952,-0.1260585070871572,-0.7485862381397372,0.0,1.0,1.0,0.0,1.0,0.0,1.0,0.0,0.0,0.0,1.0,1
0.3975158712863277,0.5543599694804993,1.5145139235851932,-0.1260585070871572,-0.7485862381397372,0.0,1.0,0.0,1.0,1.0,0.0,1.0,0.0,0.0,0.0,1.0,0
0.3975158712863277,-1.2772055860616427,-0.5866955327935105,-0.1260585070871572,-0.7485862381397372,0.0,1.0,1.0,0.0,1.0,0.0,1.0,0.0,0.0,1.0,0.0,1
0.3975158712863277,-0.9153990801547508,-0.5629530530604178,-0.1260585070871572,-0.7485862381397372,1.0,0.0,0.0,1.0,0.0,1.0,1.0,0.0,0.0,1.0,0.0,1
0.3975158712863277,1.8604072695393428,1.3364453255869981,-0.1260585070871572,-0.7485862381397372,0.0,1.0,0.0,1.0,1.0,0.0,0.0,1.0,0.0,0.0,1.0,1
0.3975158712863277,-0.20603227111193628,-0.6341804922596959,-0.1260585070871572,2.247792916153287,0.0,1.0,0.0,1.0,1.0,0.0,1.0,0.0,0.0,0.0,1.0,0
0.3975158712863277,-0.05196447055281877,0.26803373759782667,-0.1260585070871572,0.25020681329127087,0.0,1.0,0.0,1.0,1.0,0.0,1.0,0.0,0.0,1.0,0.0,0
0.3975158712863277,-0.12335810157990834,-0.09997469826511016,-0.1260585070871572,-0.7485862381397372,0.0,1.0,0.0,1.0,1.0,0.0,1.0,0.0,1.0,0.0,0.0,1
-2.5156228272448207,1.1759393276784156,-0.12371717799820285,-0.1260585070871572,-0.7485862381397372,1.0,0.0,1.0,0.0,1.0,0.0,1.0,0.0,0.0,1.0,0.0,1
-2.5156228272448207,1.5539051135385664,2.7135091501063746,-0.1260585070871572,0.25020681329127087,0.0,1.0,0.0,1.0,1.0,0.0,0.0,1.0,1.0,0.0,0.0,0
0.3975158712863277,1.301931753690864,0.4817160551956609,-0.1260585070871572,1.248999864722279,0.0,1.0,0.0,1.0,1.0,0.0,1.0,0.0,0.0,1.0,0.0,1
0.3975158712863277,-0.9965770985975858,-0.24242957666366632,-0.08564822906215179,-0.7485862381397372,0.0,1.0,1.0,0.0,1.0,0.0,1.0,0.0,0.0,1.0,0.0,0
-2.5156228272448207,-0.1948387922463168,-0.42049817466186157,-0.1260585070871572,1.248999864722279,0.0,1.0,0.0,1.0,0.0,1.0,1.0,0.0,1.0,0.0,0.0,0
0.3975158712863277,-0.29590478774190604,-0.1830733773309346,-0.1260585070871572,-0.7485862381397372,1.0,0.0,1.0,0.0,1.0,0.0,1.0,0.0,1.0,0.0,0.0,1
0.3975158712863277,1.5669495963174327,-0.2068158570640273,-0.1260585070871572,2.247792916153287,0.0,1.0,0.0,1.0,1.0,0.0,1.0,0.0,1.0,0.0,0.0,1
0.3975158712863277,0.8937570640897045,0.4698448153291146,-0.1260585070871572,0.25020681329127087,0.0,1.0,0.0,1.0,1.0,0.0,1.0,0.0,0.0,0.0,1.0,1
0.3975158712863277,-0.3203813707623642,-0.0881034583985638,-0.1260585070871572,0.25020681329127087,0.0,1.0,0.0,1.0,1.0,0.0,1.0,0.0,0.0,1.0,0.0,1
0.3975158712863277,-0.4395115997194883,-0.503596853727686,-0.1260585070871572,-0.7485862381397372,0.0,1.0,0.0,1.0,0.0,1.0,1.0,0.0,0.0,1.0,0.0,1
0.3975158712863277,-0.4138039623110108,-0.2543008165302127,-0.1260585070871572,-0.7485862381397372,0.0,1.0,1.0,0.0,1.0,0.0,1.0,0.0,1.0,0.0,0.0,1
0.3975158712863277,-0.4773351201074946,-0.2780432962633054,-0.1260585070871572,2.247792916153287,0.0,1.0,0.0,1.0,1.0,0.0,1.0,0.0,0.0,1.0,0.0,1
0.3975158712863277,0.4595466397843394,0.6360421734607634,-0.1260585070871572,0.25020681329127087,0.0,1.0,0.0,1.0,1.0,0.0,1.0,0.0,0.0,0.0,1.0,0
-2.5156228272448207,1.5540400650897825,0.38674613626329013,-0.1260585070871572,0.25020681329127087,0.0,1.0,0.0,1.0,1.0,0.0,1.0,0.0,0.0,0.0,1.0,0
0.3975158712863277,0.13389674023040957,0.5529434943949391,-0.1260585070871572,-0.7485862381397372,0.0,1.0,0.0,1.0,0.0,1.0,1.0,0.0,1.0,0.0,0.0,1
0.3975158712863277,1.986594463351637,0.9209519302578758,-0.1260585070871572,-0.7485862381397372,1.0,0.0,1.0,0.0,0.0,1.0,0.0,1.0,0.0,1.0,0.0,1
0.3975158712863277,-1.0686759106226797,-0.8241203301244374,0.2745583834060991,1.248999864722279,0.0,1.0,0.0,1.0,1.0,0.0,1.0,0.0,0.0,0.0,1.0,1
0.3975158712863277,-1.296764823481185,-0.5866955327935105,-0.1260585070871572,-0.7485862381397372,0.0,1.0,0.0,1.0,0.0,1.0,1.0,0.0,0.0,1.0,0.0,1
0.3975158712863277,-0.42878944541096986,-0.44424065439495425,-0.1260585070871572,1.248999864722279,0.0,1.0,0.0,1.0,0.0,1.0,1.0,0.0,1.0,0.0,0.0,1
-2.5156228272448207,0.18737574887571684,-0.503596853727686,-0.1260585070871572,-0.7485862381397372,0.0,1.0,1.0,0.0,1.0,0.0,1.0,0.0,1.0,0.0,0.0,0
0.3975158712863277,0.6231817299722116,-0.23055833679711998,-0.1260585070871572,-0.7485862381397372,0.0,1.0,0.0,1.0,1.0,0.0,1.0,0.0,0.0,1.0,0.0,1
-2.5156228272448207,0.7452058992873626,1.3127028458539054,-0.1260585070871572,1.248999864722279,0.0,1.0,0.0,1.0,1.0,0.0,1.0,0.0,0.0,0.0,1.0,0
-2.5156228272448207,0.6376639790907935,0.05435141999999238,-0.1260585070871572,0.25020681329127087,0.0,1.0,0.0,1.0,1.0,0.0,1.0,0.0,0.0,1.0,0.0,0
0.3975158712863277,-0.26195792955743447,-0.7885066105247984,-0.1260585070871572,1.248999864722279,0.0,1.0,0.0,1.0,0.0,1.0,1.0,0.0,0.0,0.0,1.0,1
0.3975158712863277,-0.47165237061021315,-0.5154680935942324,-0.1260585070871572,0.25020681329127087,0.0,1.0,0.0,1.0,1.0,0.0,1.0,0.0,0.0,1.0,0.0,1
0.3975158712863277,-0.2775760673881579,-0.34927073546258347,-0.1260585070871572,-0.7485862381397372,0.0,1.0,1.0,0.0,1.0,0.0,1.0,0.0,0.0,1.0,0.0,1
0.3975158712863277,2.474637659812136,-0.5273393334607787,-0.1260585070871572,-0.7485862381397372,0.0,1.0,1.0,0.0,1.0,0.0,1.0,0.0,0.0,1.0,0.0,1
0.3975158712863277,-0.6695603497758712,-0.5629530530604178,-0.1260585070871572,0.25020681329127087,0.0,1.0,0.0,1.0,1.0,0.0,1.0,0.0,0.0,0.0,1.0,1
0.3975158712863277,1.1423300568348247,1.3245740857204518,-0.1260585070871572,-0.7485862381397372,0.0,1.0,0.0,1.0,1.0,0.0,1.0,0.0,0.0,1.0,0.0,1
0.3975158712863277,0.4632099247786002,-0.467983134128047,-0.1260585070871572,1.248999864722279,0.0,1.0,0.0,1.0,1.0,0.0,0.0,1.0,1.0,0.0,0.0,1
0.3975158712863277,-0.20568144334256652,-0.2543008165302127,-0.1260585070871572,1.248999864722279,0.0,1.0,0.0,1.0,0.0,1.0,1.0,0.0,0.0,0.0,1.0,1
0.3975158712863277,0.1050824132787466,-0.040618498932378407,-0.1260585070871572,1.248999864722279,0.0,1.0,0.0,1.0,0.0,1.0,1.0,0.0,0.0,0.0,1.0,1
0.3975158712863277,0.7135335028030172,0.04248018013344603,-0.1260585070871572,-0.7485862381397372,0.0,1.0,1.0,0.0,1.0,0.0,1.0,0.0,0.0,1.0,0.0,1
0.3975158712863277,-0.07730931446161497,-0.21868709693057364,-0.1260585070871572,1.248999864722279,0.0,1.0,0.0,1.0,0.0,1.0,1.0,0.0,1.0,0.0,0.0,0
0.3975158712863277,0.2338274765267396,0.14932133893236316,-0.1260585070871572,1.248999864722279,0.0,1.0,0.0,1.0,1.0,0.0,0.0,1.0,0.0,1.0,0.0,1
0.3975158712863277,-0.2728403235421044,-0.3255282557294908,-0.1260585070871572,-0.7485862381397372,0.0,1.0,1.0,0.0,1.0,0.0,1.0,0.0,1.0,0.0,0.0,1
0.3975158712863277,-0.8545338117531049,-0.6460517321262422,-0.1260585070871572,-0.7485862381397372,1.0,0.0,1.0,0.0,1.0,0.0,1.0,0.0,1.0,0.0,0.0,1
0.3975158712863277,1.741708767363339,3.948118096227195,-0.1260585070871572,1.248999864722279,0.0,1.0,0.0,1.0,1.0,0.0,0.0,1.0,1.0,0.0,0.0,1
0.3975158712863277,0.12307075651341957,-0.1593308975978419,-0.1260585070871572,-0.7485862381397372,0.0,1.0,0.0,1.0,1.0,0.0,1.0,0.0,0.0,1.0,0.0,1
0.3975158712863277,-0.4130186196440262,-0.49172561386113967,-0.1260585070871572,0.25020681329127087,0.0,1.0,1.0,0.0,1.0,0.0,0.0,1.0,1.0,0.0,0.0,0
0.3975158712863277,0.8574810433436185,-0.1118459381316565,-0.1260585070871572,0.25020681329127087,0.0,1.0,0.0,1.0,0.0,1.0,1.0,0.0,1.0,0.0,0.0,0
0.3975158712863277,-0.3872883813801152,0.12557885919927048,-0.1260585070871572,-0.7485862381397372,0.0,1.0,0.0,1.0,1.0,0.0,1.0,0.0,0.0,1.0,0.0,1
0.3975158712863277,-0.5035390198015219,-0.3255282557294908,-0.1260585070871572,-0.7485862381397372,0.0,1.0,0.0,1.0,0.0,1.0,1.0,0.0,1.0,0.0,0.0,1
0.3975158712863277,1.979431424624131,2.76099410957256,-0.1260585070871572,1.248999864722279,0.0,1.0,0.0,1.0,1.0,0.0,0.0,1.0,1.0,0.0,0.0,1
-2.5156228272448207,-0.4232542841810772,-0.5629530530604178,-0.1260585070871572,-0.7485862381397372,0.0,1.0,0.0,1.0,0.0,1.0,1.0,0.0,0.0,0.0,1.0,0
0.3975158712863277,-0.00418327182610176,-0.19494461719748093,-0.1260585070871572,-0.7485862381397372,0.0,1.0,0.0,1.0,1.0,0.0,1.0,0.0,0.0,1.0,0.0,1
0.3975158712863277,0.1168978559550884,0.14932133893236316,-0.1260585070871572,-0.7485862381397372,0.0,1.0,0.0,1.0,1.0,0.0,1.0,0.0,0.0,0.0,1.0,1
0.3975158712863277,3.226745073087924,1.3364453255869981,-0.1260585070871572,0.25020681329127087,0.0,1.0,0.0,1.0,1.0,0.0,1.0,0.0,0.0,1.0,0.0,0
0.3975158712863277,1.1978458602280435,0.5766859741280317,-0.1260585070871572,0.25020681329127087,0.0,1.0,1.0,0.0,1.0,0.0,1.0,0.0,0.0,1.0,0.0,0
0.3975158712863277,-0.4008884309068166,-0.7885066105247984,-0.1260585070871572,0.25020681329127087,1.0,0.0,1.0,0.0,1.0,0.0,1.0,0.0,0.0,1.0,0.0,0
0.3975158712863277,0.36731355291680395,-0.23055833679711998,-0.1260585070871572,-0.7485862381397372,0.0,1.0,1.0,0.0,1.0,0.0,0.0,1.0,0.0,0.0,1.0,1
0.3975158712863277,-0.4232542841810772,-0.14745965773129555,-0.1260585070871572,0.25020681329127087,1.0,0.0,0.0,1.0,1.0,0.0,1.0,0.0,0.0,0.0,1.0,1
0.3975158712863277,-0.3274883757717548,-1.0378026477222717,-0.1260585070871572,-0.7485862381397372,0.0,1.0,0.0,1.0,1.0,0.0,1.0,0.0,1.0,0.0,0.0,0
0.3975158712863277,-0.8948863826803143,-0.741021651058613,-0.1260585070871572,0.25020681329127087,0.0,1.0,0.0,1.0,1.0,0.0,1.0,0.0,0.0,0.0,1.0,1
0.3975158712863277,-0.034620114916471635,-0.040618498932378407,-0.1260585070871572,-0.7485862381397372,0.0,1.0,1.0,0.0,1.0,0.0,1.0,0.0,0.0,1.0,0.0,1
0.3975158712863277,0.7610477544291891,0.4698448153291146,-0.1260585070871572,-0.7485862381397372,0.0,1.0,0.0,1.0,1.0,0.0,1.0,0.0,1.0,0.0,0.0,1
0.3975158712863277,-0.2768466984625698,-0.30178577599639805,-0.1260585070871572,-0.7485862381397372,0.0,1.0,0.0,1.0,1.0,0.0,1.0,0.0,0.0,1.0,0.0,1
0.3975158712863277,-0.3764801790529172,-0.12371717799820285,-0.1260585070871572,-0.7485862381397372,1.0,0.0,0.0,1.0,1.0,0.0,1.0,0.0,0.0,1.0,0.0,1
0.3975158712863277,-1.281604069605655,-0.2068158570640273,0.1674831480406517,-0.7485862381397372,1.0,0.0,0.0,1.0,1.0,0.0,1.0,0.0,0.0,1.0,0.0,1
